sequence_id	sequence_sha256	species	dataset	homology_group	group_fold	split_status
RefPlantNLR|3gG2	5fc4111beb0e6bd4fe557542d96bbcfe5c71470d9f3f4fdbe6089fcada077d05	Glycine max	RefPlantNLR	He81d529717e9	0	assigned
RefPlantNLR|Adnr1	05c2dc30d0bb7196ffa1c04263bb343c217bcc982268768d524db04d10898cd4	Triticum aestivum	RefPlantNLR	He81d529717e9	0	assigned
RefPlantNLR|Adnr1-RGA4	ba3cfb76069e659cab74d96ca212250668035e3c4c55568782a29f14596c75ad	Triticum aestivum	RefPlantNLR	He81d529717e9	0	assigned
RefPlantNLR|ADR1	5c8ac5cd35553c67be8b1fd848539ac38f61e931f37d2b6058ba39fb710b5dae	Arabidopsis thaliana	RefPlantNLR	He81d529717e9	0	assigned
RefPlantNLR|ADR1-L1	447ac81ab2c18752b518ab01f54e888a876ee16e9af98821debf55fd090e0cb8	Arabidopsis thaliana	RefPlantNLR	He81d529717e9	0	assigned
RefPlantNLR|ADR1-L2	be55519f5119361e4c705289930521cbc01c9ddede2fde533ba36208ae4c1693	Arabidopsis thaliana	RefPlantNLR	He81d529717e9	0	assigned
RefPlantNLR|ADR1-L3	a7305143f103701076fbff61f4c7be1f97c38f0660d7afdaf569d91bab120859	Arabidopsis thaliana	RefPlantNLR	He81d529717e9	0	assigned
RefPlantNLR|AhRRS5	7b0a9355f36d0bf2197e720defbd2c1d8e5946d8e3c4686201fdd6598f93d8d4	Arachis hypogaea	RefPlantNLR	He81d529717e9	0	assigned
RefPlantNLR|alpha-CMV	52483b15aa0329ee8a42028b2b29e82c9000af3d291b19a2c4208ad5aaf72b53	Spinacia oleracea	RefPlantNLR	He81d529717e9	0	assigned
RefPlantNLR|alpha-WOLF2	cf8eb36d37cfae37d677b2a62b208e4e6b4de5f579b24a988c54a0896d304f55	Spinacia oleracea	RefPlantNLR	He81d529717e9	0	assigned
RefPlantNLR|alpha-WOLF2a	1f8a8e1453771ec02dbac0d826a9f3116ba943d698ec6f19d85053b49b260513	Spinacia oleracea	RefPlantNLR	He81d529717e9	0	assigned
RefPlantNLR|alpha-WOLF4	6c76f55a70232381bc4f01d6bbd43892a4b0aae8a78adb734f06cde941ea6c92	Spinacia oleracea	RefPlantNLR	He81d529717e9	0	assigned
RefPlantNLR|alpha-WOLF4a	10a18252e5e3c34b56e9106e7da0b30d06a1b445d63d17e84db7b372d1c3d254	Spinacia oleracea	RefPlantNLR	He81d529717e9	0	assigned
RefPlantNLR|alpha-WOLF6	ab83c64390a06ae37de8d0f970297e94f4579f22de66a9d118cf6bdcabf7533f	Spinacia oleracea	RefPlantNLR	He81d529717e9	0	assigned
RefPlantNLR|alpha-WOLF6b	951de9bba0a7487fb1aa6a9b24cc6c98d84d3f221edcf026a6f8e0ebc01003cc	Spinacia oleracea	RefPlantNLR	He81d529717e9	0	assigned
RefPlantNLR|alpha-WOLF6c	38a9add1b31fb12e21f139300924d35b927da2013d51d5b6183150ab9b72cafa	Spinacia oleracea	RefPlantNLR	He81d529717e9	0	assigned
RefPlantNLR|alpha-WOLF7	df63cffc5701d0d1d4da92d68ccadd04cc24621139304bb00c1be833c9c181ec	Spinacia oleracea	RefPlantNLR	He81d529717e9	0	assigned
RefPlantNLR|alpha-WOLF8	8b742a16e3f02c7c38a2a79aa7250aa55c7798045f058b4f027d9b1c538be726	Spinacia oleracea	RefPlantNLR	He81d529717e9	0	assigned
RefPlantNLR|alpha-WOLF9	5181d8b4bf1f7fac7ae21f3cc3b1346ba80d0bb8f3b3de0836d52442df97697d	Spinacia oleracea	RefPlantNLR	He81d529717e9	0	assigned
RefPlantNLR|alpha-WOLF10	7b824b386e5e320b94f3408ff8cf58b4eca1dd0b91a467a09bf92663e156838a	Spinacia oleracea	RefPlantNLR	He81d529717e9	0	assigned
RefPlantNLR|alpha-WOLF11	4422377e6dee9ff7cfbea78c1fa883dbf7e2b467da19e92570d0ae4da0cec4f7	Spinacia oleracea	RefPlantNLR	He81d529717e9	0	assigned
RefPlantNLR|alpha-WOLF12	1d531d45677ae905f8a94e6e90657806400d44de660919213f22895dec55ef54	Spinacia oleracea	RefPlantNLR	He81d529717e9	0	assigned
RefPlantNLR|alpha-WOLF15	5114b5b7e0278ab1beed2c691d8cba394e9c29d3b587de4dbf3629dbb1bae591	Spinacia oleracea	RefPlantNLR	He81d529717e9	0	assigned
RefPlantNLR|alpha-WOLF16	5d869479e02d62912c01f78c70b4bf5a2acca7d20d3ead824c5a8bf05238a9cc	Spinacia oleracea	RefPlantNLR	He81d529717e9	0	assigned
RefPlantNLR|alpha-WOLF18	5341016e848fdbcdcdc3d9c1189b8c60e296864a1ab263e2ca524690e0948565	Spinacia oleracea	RefPlantNLR	He81d529717e9	0	assigned
RefPlantNLR|AtNRG1.1	cf45f48d4ef140b4435b77562775dc6b26f26ffd9894e4a13abf3f642557ac0c	Arabidopsis thaliana	RefPlantNLR	He81d529717e9	0	assigned
RefPlantNLR|AtNRG1.2	09e4b1ea6ac41bf11d1b84b0176c512aa9f88dac1b1a6d37c5b9d7b1d9883463	Arabidopsis thaliana	RefPlantNLR	He81d529717e9	0	assigned
RefPlantNLR|AtNRG1.3	749664e0e6a78825b67a95a7c9ef998366b6c4f967b5c9ac69adac5e25d04b39	Arabidopsis thaliana	RefPlantNLR	H87357994524e		quarantine: no standardized NB-ARC domain
RefPlantNLR|BAR1	bda338f1864403afb2ac5f189e43369c8d6d9cffedb297c14620011b096561c1	Arabidopsis thaliana	RefPlantNLR	He81d529717e9	0	assigned
RefPlantNLR|beta-WOLF0	c4f12546ee7053d058bb06f338bf2f5344416233c7e585f437eef8aac8cbf0b5	Spinacia oleracea	RefPlantNLR	He81d529717e9	0	assigned
RefPlantNLR|beta-WOLF3	52a095f015ae946475b73eacdd18ff21d5274ec47f36be0eee23e9830b3de02f	Spinacia oleracea	RefPlantNLR	He81d529717e9	0	assigned
RefPlantNLR|beta-WOLF5a	a2c184051b17533d20d025a2e268b4aca3026af2f3a92d38f2ca8c818d4248c3	Spinacia oleracea	RefPlantNLR	He81d529717e9	0	assigned
RefPlantNLR|beta-WOLF5b	272f0aedba9efad8323c6ab7e5bf04912817632cc09ab194c7095f6b3dfb128a	Spinacia oleracea	RefPlantNLR	He81d529717e9	0	assigned
RefPlantNLR|beta-WOLF6b	515e805cfcc8da9a8aff2f258522b42471c993dfa2a6520224ac9b08401e8e79	Spinacia oleracea	RefPlantNLR	He81d529717e9	0	assigned
RefPlantNLR|beta-WOLF9	43f4a1108acfcedd75bb163e00fb2eb65ba3815342d0a1d555ef4f4113d335dd	Spinacia oleracea	RefPlantNLR	He81d529717e9	0	assigned
RefPlantNLR|beta-WOLF11	9a809c9d6d48ba1d2da94e0b4856c62e255dad5cd9ee688c0c46c9fec6ec7cb5	Spinacia oleracea	RefPlantNLR	He81d529717e9	0	assigned
RefPlantNLR|BjuWRR1	196aeb89f397711b8be6fcc747cc78bd18ea7db8ef5b384682f2662efcc583cf	Brassica napus	RefPlantNLR	He81d529717e9	0	assigned
RefPlantNLR|Bph1/9-1	942ced3f96bd5a1b7a5a3ec1ce3dd1922d135a1f3a4fe6f89679f58a2aff209f	Oryza sativa Indica Group	RefPlantNLR	He81d529717e9	0	assigned
RefPlantNLR|Bph1/9-2	5105c4fd13b836f6e708d13dd7d3ba351593eafd68b3b77d6c2f059e628dbf57	Oryza sativa Indica Group	RefPlantNLR	He81d529717e9	0	assigned
RefPlantNLR|Bph1/9-7	5be4c47de548a246261ec6428b58cab62aae268b7530492bc764c9e309fc7370	Oryza sativa Indica Group	RefPlantNLR	He81d529717e9	0	assigned
RefPlantNLR|Bph1/9-9	3d563a4f6229612faf16c7e4e3d03f42ece69bdf40c6926b7cc46a3c01f9b7b9	Oryza sativa Indica Group	RefPlantNLR	He81d529717e9	0	assigned
RefPlantNLR|Bph14	35f3f12d34f033f6bb52c35d9799e8559eb340e4091cda21a538e00c3c8899f0	Oryza sativa Indica Group	RefPlantNLR	He81d529717e9	0	assigned
RefPlantNLR|Bs2	c9ab090dc0b94169711c20a61aadf310280fa6da44d5d166f6fd7c4bbbad1d42	Capsicum chacoense	RefPlantNLR	He81d529717e9	0	assigned
RefPlantNLR|Bs4	44710b06d0a66951126bb55d313b6752b481f8b3063bd2f25e3b0fee04351f7c	Solanum lycopersicum	RefPlantNLR	He81d529717e9	0	assigned
RefPlantNLR|CaMi	c10fa1f928f950580725f75e3fc16315bf8017f9f9f7ff5f5876365585b78471	Capsicum annuum	RefPlantNLR	He81d529717e9	0	assigned
RefPlantNLR|CaPtr1	cef76cbfd686c3db40481ee87bfaf82af9cb8ede5bb777c2afc6cd6cbf3f9b48	Capsicum annuum	RefPlantNLR	He81d529717e9	0	assigned
RefPlantNLR|CAR1	7969979413c9bcf1ff0dd5c926ad4d1112e1f8a7e5229f5e2fe7eddfca55c827	Arabidopsis thaliana	RefPlantNLR	He81d529717e9	0	assigned
RefPlantNLR|CcRpp1	9be0f4181d5445f62d2f3a8bb10e2b6c836b05b39877b19872fd788ea3819255	Cajanus cajan	RefPlantNLR	He81d529717e9	0	assigned
RefPlantNLR|CD3.1	95ff732b270f5a5a66ac9d6e9234934766ef2a0734b3faf2c0b579ff81542117	Aegilops tauschii	RefPlantNLR	He81d529717e9	0	assigned
RefPlantNLR|CHS1	580f5ddc84f0d2f6b69b680ead65c0fe11c2f5d45a86a93f36aa4465c47d23dc	Arabidopsis thaliana	RefPlantNLR	He81d529717e9	0	assigned
RefPlantNLR|CHS3	555ac8c6730520d5b36d3c9569dad234038a750c0d176903f0b84749d3d6a48d	Arabidopsis thaliana	RefPlantNLR	He81d529717e9	0	assigned
RefPlantNLR|CNL-11990	c3e79ef4f41d03c0a73530b4df72186b09f81e9e1156b147cf3ec0fc82242469	Solanum lycopersicum	RefPlantNLR	He81d529717e9	0	assigned
RefPlantNLR|CSA1	2abffac3efef3c1312916ad8ba02e4c39c8389d92129e03b34076404f78a2b9c	Arabidopsis thaliana	RefPlantNLR	He81d529717e9	0	assigned
RefPlantNLR|CW9	b34c247d42fbc197f71115113e2a7552c6aa1a27fc03034136cf2ac892c1776a	Arabidopsis thaliana	RefPlantNLR	He81d529717e9	0	assigned
RefPlantNLR|DAR5	2d9bfd774766d6fd43835d2c5cf95cb6be52506fef92f1efc1aaaa625360b555	Arabidopsis thaliana	RefPlantNLR	He81d529717e9	0	assigned
RefPlantNLR|DES1	a06b5c2efe4fb83624a2356b6bb0eec93f0d9f798c58a7b7cbf9795755fb7e62	Triticum aestivum	RefPlantNLR	He81d529717e9	0	assigned
RefPlantNLR|Dm1^Uk-3	0f764b1c0abc0545fe2c129eb05ab7103be83aa865430a9f8f6d3f00bf9da906	Arabidopsis thaliana	RefPlantNLR	He81d529717e9	0	assigned
RefPlantNLR|Dm2d^Uk-1	ade2054494e1b7231c2ed3bd171748acc45eefbdcf08ce5ab2da031701b6ba45	Arabidopsis thaliana	RefPlantNLR	He81d529717e9	0	assigned
RefPlantNLR|Dm2h^Bla-1	6abdccb0bb5884ddc36bc31632938abbaf82de779453cb026a2ed72e3b09705d	Arabidopsis thaliana	RefPlantNLR	He81d529717e9	0	assigned
RefPlantNLR|DM2h^Ler	e4ab4d65f29c9f5020f1e4a255a948cb38a9f6ca34867fdbc619e9a3c7fc6627	Arabidopsis thaliana	RefPlantNLR	He81d529717e9	0	assigned
RefPlantNLR|Dm2h^Uk-1	12c672c286db8ac77cd4d84f3608035fa54ef7502b7ac4088216a16c343b5318	Arabidopsis thaliana	RefPlantNLR	He81d529717e9	0	assigned
RefPlantNLR|DM10^Col-0	bdaf3265fab0a256cab588eca2a1298fa316079f6d0715b1406ac1217ac15a3b	Arabidopsis thaliana	RefPlantNLR	He81d529717e9	0	assigned
RefPlantNLR|DM10^Tuescha9	7ac6b126df08b39d7d8e8d6d43e8434eb7345e1b103bd020912b42cf1331c026	Arabidopsis thaliana	RefPlantNLR	He81d529717e9	0	assigned
RefPlantNLR|DSC1	4bfe8025fb83c300afd1f2d11f33b9f4b08b8e592995e0636b950e6b49234d2b	Arabidopsis thaliana	RefPlantNLR	He81d529717e9	0	assigned
RefPlantNLR|DSC2	51aa5657e127c3644f3f4fc1b89c844366dc8d38045e754d525ed89e1bbb28d9	Arabidopsis thaliana	RefPlantNLR	He81d529717e9	0	assigned
RefPlantNLR|FB_MR5	85f6b33a8b8c75238fb2d11808cb14b573d85e68f757bd45479c1c92bca287c4	Malus x robusta	RefPlantNLR	He81d529717e9	0	assigned
RefPlantNLR|Fom-1	1f03077fa4b6a22beb815499daf739b5063c953fe8449dfef028c01c70818b27	Cucumis melo	RefPlantNLR	He81d529717e9	0	assigned
RefPlantNLR|Fom-2	00747e39ce06388f5917a7ae02ebfdd31d16aab12e4b7d8bee51731705f605c5	Cucumis melo	RefPlantNLR	He81d529717e9	0	assigned
RefPlantNLR|GbaNA1	49d6f247ee7b0f06319541a4cb21c472061dba523280110d6ff25f05fa445a4e	Gossypium barbadense	RefPlantNLR	He81d529717e9	0	assigned
RefPlantNLR|GhDSC1	926d00b6f213af6f1daccdff8abf74d12ffdda575e3efd548a372e6093afe4bf	Gossypium hirsutum	RefPlantNLR	He81d529717e9	0	assigned
RefPlantNLR|GmKR3	5ca45cc98a221589c2dbbb314e8c55b5913575a3f629373f77ae638cea8afeef	Glycine max	RefPlantNLR	He81d529717e9	0	assigned
RefPlantNLR|GmNNL1^HT1	8d7a5dd843f478339eafdb5fbcb0d4b00f10d05e4c52ec03ff2c1f748b5d8957	Glycine max	RefPlantNLR	He81d529717e9	0	assigned
RefPlantNLR|Gpa2	ea0a8daec86bac78838bc805f38db8fb5c82e193f5b5f88b14baae7f853da7dd	Solanum tuberosum	RefPlantNLR	He81d529717e9	0	assigned
RefPlantNLR|Gro1-4	ae76f6386cacd8ae2fce8a1cd0a6a6462aefc90f1c5d94f9b502f5108b4840c9	Solanum tuberosum	RefPlantNLR	He81d529717e9	0	assigned
RefPlantNLR|HcMLA1	04f99d40e0375df238b534bc848210cd002a1a1bc9e5c7a404f1ae8aa39b6620	Hordeum chilense	RefPlantNLR	He81d529717e9	0	assigned
RefPlantNLR|Hero-A	e3aa177b2dbbabb756e83be3f11e5f28b91e059997310d2c7328a27cdbd6f95e	Solanum lycopersicum	RefPlantNLR	He81d529717e9	0	assigned
RefPlantNLR|HRG1	6e99cc2426f33192f42daf714097a6406142ef4fdccdc54e1052f068bd2b72bc	Arabidopsis thaliana	RefPlantNLR	He81d529717e9	0	assigned
RefPlantNLR|Hrt1	dabbe90a02e021c29bd4201d1c3a6f5aa386678e9a8e6988808f611f6a3be149	Arabidopsis thaliana	RefPlantNLR	He81d529717e9	0	assigned
RefPlantNLR|HvPm3	047d320dbf91ef762a76433cd0869014478826b96049e01161357c998b6e71af	Hordeum vulgare subsp. vulgare	RefPlantNLR	He81d529717e9	0	assigned
RefPlantNLR|HvRGA1	9eefca131d2ad73c29e247a311cb2d3550a9f9de4b3c94a26d2985c81de638cf	Hordeum vulgare subsp. vulgare	RefPlantNLR	He81d529717e9	0	assigned
RefPlantNLR|I2	9168b887882262bab20917e09e0e11de21ccdc22d61491a88e4dcfd1c4adc886	Solanum lycopersicum	RefPlantNLR	He81d529717e9	0	assigned
RefPlantNLR|KR1	52054e4d4b202cb6f7233179a56cfc239e39e0c1752bd3dcaca82fe32829a88d	Glycine max	RefPlantNLR	He81d529717e9	0	assigned
RefPlantNLR|L	84c97fc81ddcd13a38065381f821d73b847a144598231e67820f029cfab45184	Linum usitatissimum	RefPlantNLR	He81d529717e9	0	assigned
RefPlantNLR|L1	5ad68b7933821b2130c93a3521c8d775964ecb5269c814db8bc9ae27b115b9f0	Linum usitatissimum	RefPlantNLR	He81d529717e9	0	assigned
RefPlantNLR|L2	0f771a0deac232655627a3ac5b70dcaf778f78cb664fbf411640a35e91fdf79e	Linum usitatissimum	RefPlantNLR	He81d529717e9	0	assigned
RefPlantNLR|L3	906115a55cd05d1a93360a0aa50e0e712c6d4923419efc19fc6f6f41a81fdada	Linum usitatissimum	RefPlantNLR	He81d529717e9	0	assigned
RefPlantNLR|L4	51d4d5a049212182048b38f29032c8aeaafc56bde9e36d57c4fd53675226af89	Linum usitatissimum	RefPlantNLR	He81d529717e9	0	assigned
RefPlantNLR|L5	3ecd27eae0fcadbc1770debad65346f0b3f541c997d63dd7f17da6cb77496020	Linum usitatissimum	RefPlantNLR	He81d529717e9	0	assigned
RefPlantNLR|L6	ef5c3248ccf8c16ce03fd3b9cd0a2434dbcb1adc19910fc6add4576b29a5b187	Linum usitatissimum	RefPlantNLR	He81d529717e9	0	assigned
RefPlantNLR|L7	0b93e99ea85a67d15668e6780c8f96144ec93b8fe24be113a9c0a870aeadeff6	Linum usitatissimum	RefPlantNLR	He81d529717e9	0	assigned
RefPlantNLR|L8	bc9b8ac889ac0ddbc08a3336b06c15f6bef59b879bd57b73dd15d6599bcc6c85	Linum usitatissimum	RefPlantNLR	He81d529717e9	0	assigned
RefPlantNLR|L9	f04723bda3006c4e38cdd092dcbdcda775d51d1fa331951a2777a582cfaa6b94	Linum usitatissimum	RefPlantNLR	He81d529717e9	0	assigned
RefPlantNLR|L10	906115a55cd05d1a93360a0aa50e0e712c6d4923419efc19fc6f6f41a81fdada	Linum usitatissimum	RefPlantNLR	He81d529717e9	0	assigned
RefPlantNLR|L11	2d6aad37ea957125d07296401e347a30cfbd6fb1b8e97e49aaa7dfe46212c3ff	Linum usitatissimum	RefPlantNLR	He81d529717e9	0	assigned
RefPlantNLR|L^1	3d8829d76e7f006f45430a91c8e7b86a759ef3d1dfc9fec0d7100467e8adf740	Capsicum annuum	RefPlantNLR	He81d529717e9	0	assigned
RefPlantNLR|L^1a	2fabdc860b2f78b18e4197b0debccf92cf41c0634140b4f1564829ade5f0ef6f	Capsicum annuum	RefPlantNLR	He81d529717e9	0	assigned
RefPlantNLR|L^1c	bdda082f9ecb45d07cf5d5a8d3596036df8560e7c8c9a0856e2ae72267f1f463	Capsicum chinense	RefPlantNLR	He81d529717e9	0	assigned
RefPlantNLR|L^2	0f5f4f431a2a54679959492add2532da275837741dc587e26f5e61c9ed45189b	Capsicum frutescens	RefPlantNLR	He81d529717e9	0	assigned
RefPlantNLR|L^2b	7c94af7ed32b568eeb4f694e8f31bdb9cd330ef36dfefca7cda11eecbe784766	Capsicum baccatum	RefPlantNLR	He81d529717e9	0	assigned
RefPlantNLR|L^3	04684fb0eabb797c2ceae130cac393ab2e7e3c3bf2c23cbc6ee985743d8207e3	Capsicum chinense	RefPlantNLR	He81d529717e9	0	assigned
RefPlantNLR|L^4	ce37baebf338f7968cf9a49a535eb35a9e7d24bd00b22846d40d62355dc6bf44	Capsicum chacoense	RefPlantNLR	He81d529717e9	0	assigned
RefPlantNLR|LAZ5	facd0348b6d8fc1876399b169ed206a3d6e47fe174151fda3a0212cc95718012	Arabidopsis thaliana	RefPlantNLR	He81d529717e9	0	assigned
RefPlantNLR|Le4	716e0d22a457eb4e87dfe5e1da52c65cea4be017a708af5974417c27a243cf2a	Gossypium tomentosum	RefPlantNLR	He81d529717e9	0	assigned
RefPlantNLR|LH	bc386f2983d26357ba6ebb17b7201fdf28ea6e248a3124192144b9f0c3bfec40	Linum usitatissimum	RefPlantNLR	He81d529717e9	0	assigned
RefPlantNLR|LOV1	48e88f6af4fe0e7e8fbd263c1e93c7c470443c353ce0e567ab212e0a33a4edc1	Arabidopsis thaliana	RefPlantNLR	He81d529717e9	0	assigned
RefPlantNLR|Lr1	f450cdbd58df243a2d9ae1e6e9122a882855768bd4cd42bd7da412d3a98b4667	Triticum aestivum	RefPlantNLR	He81d529717e9	0	assigned
RefPlantNLR|Lr10	cc5d97c00149ca38d429e1a98b1148460a33b35822c464cdba218c64f121273a	Triticum aestivum	RefPlantNLR	He81d529717e9	0	assigned
RefPlantNLR|Lr13_ha	5744325c2017cbe95c0adf7a8e0eb63ad5860655ac43adf85187ca2bd5398c10	Triticum aestivum	RefPlantNLR	He81d529717e9	0	assigned
RefPlantNLR|Lr13_hb	b6f1efa6df3a14610ed67a3b175f7ee531e366247e55484cf67a26258687808b	Triticum aestivum	RefPlantNLR	He81d529717e9	0	assigned
RefPlantNLR|Lr21	d835fe55694a0fc9904742aa7521e0deb31124e6bf94409ee4475338d4b8599a	Triticum aestivum	RefPlantNLR	He81d529717e9	0	assigned
RefPlantNLR|Lr22a	ad28e69b01e181a624778737d5b02d26211cb0f434b81350e891010405270a19	Triticum aestivum	RefPlantNLR	He81d529717e9	0	assigned
RefPlantNLR|Lr22a_sus	6905af3fddf3c634f6ca3bb5f4a5e724833e899dedd4e15136cfc20cad9f10da	Triticum aestivum	RefPlantNLR	He81d529717e9	0	assigned
RefPlantNLR|M	40ec6d75623e468a8056480db3537f995f0ea0711fff2374e4eac2d830dd1858	Linum usitatissimum	RefPlantNLR	He81d529717e9	0	assigned
RefPlantNLR|Ma	1980454ae99eac2c500618ca9e3f8e474c2a7541c7fe16899cb168a56b3f327e	Prunus cerasifera	RefPlantNLR	He81d529717e9	0	assigned
RefPlantNLR|Mal-R	fb0f1fc9fa60bb593a67011822e147923370c658c3620059fac7ac713ca92e78	Musa acuminata subsp. malaccensis	RefPlantNLR	He81d529717e9	0	assigned
RefPlantNLR|MdNLR16	801f1a0a7c88f816abf588023e1c2999fbb823a1292c68dc7b84b2e6e8e71ff9	Malus domestica	RefPlantNLR	He81d529717e9	0	assigned
RefPlantNLR|Mi-1	4abab7518b896e346f0adc6114ebd60d4988a32e8f48d7067f11cc72bad691b8	Solanum lycopersicum	RefPlantNLR	He81d529717e9	0	assigned
RefPlantNLR|MLA1	b43cb5e013d41169f084810052cc058ac6687b17e67a8262066bebf7bb8b2358	Hordeum vulgare subsp. vulgare	RefPlantNLR	He81d529717e9	0	assigned
RefPlantNLR|MLA2	0078229734360be95fd432f3b62455c9a94e9f68dc06dab65874e08abdc324c0	Hordeum vulgare subsp. vulgare	RefPlantNLR	He81d529717e9	0	assigned
RefPlantNLR|MLA3	ce6c67d402419a0fa2becead6ba0a82e2f66649d2169b5234a7d92b70a7bb0ed	Hordeum vulgare subsp. vulgare	RefPlantNLR	He81d529717e9	0	assigned
RefPlantNLR|MLA6	4fb379c9f036799b4c0bce597871a55f951777af0947bb5a3f17b4edd54369c1	Hordeum vulgare subsp. vulgare	RefPlantNLR	He81d529717e9	0	assigned
RefPlantNLR|MLA7	98cd0271bb425d76ded8f246ff97fa95a147596f2971e312731a97349d0c2e21	Hordeum vulgare subsp. vulgare	RefPlantNLR	He81d529717e9	0	assigned
RefPlantNLR|MLA8	31088c005ca1afa59de06ae7b059645aa197639d590c33db1fa4dd8b86c0346b	Hordeum vulgare subsp. vulgare	RefPlantNLR	He81d529717e9	0	assigned
RefPlantNLR|MLA9	f81906717cc616a67afccd1db0c54f3c0549b88e7312602e8377630d1bcb22df	Hordeum vulgare subsp. vulgare	RefPlantNLR	He81d529717e9	0	assigned
RefPlantNLR|MLA10	f44a62d517c6ecbcdd6e36f3e257975b72e2e1e9019f2e39841cebba92b1f35d	Hordeum vulgare subsp. vulgare	RefPlantNLR	He81d529717e9	0	assigned
RefPlantNLR|MLA12	10f1ad72db6c1262cb02479fce45cb12bff9fef183b8b9bd1d4d739f68ad3bd2	Hordeum vulgare subsp. vulgare	RefPlantNLR	He81d529717e9	0	assigned
RefPlantNLR|MLA13	9fc24340b0319447aa856cf0c87df6afd05fb58e8950999e6afff0b92ed2b7f5	Hordeum vulgare subsp. vulgare	RefPlantNLR	He81d529717e9	0	assigned
RefPlantNLR|MLA16-1	65a43c99b61788b2fa45fa25f30ead450a7b55e115599f535ce13ae6d8685910	Hordeum vulgare subsp. vulgare	RefPlantNLR	He81d529717e9	0	assigned
RefPlantNLR|MLA18-1	15f53d243d9ebb6769af712593ea000144e49d0eb450f21dbd31ca97a027de76	Hordeum vulgare subsp. vulgare	RefPlantNLR	He81d529717e9	0	assigned
RefPlantNLR|MLA18-2	559867df66262c711ce86862ea29cf116017ba913a639827a37705605203524a	Hordeum vulgare subsp. vulgare	RefPlantNLR	He81d529717e9	0	assigned
RefPlantNLR|MLA19-1	1b252e3449f72351d24ea725eee8b07b098971669014f6b43c1cf2b3c51699d3	Hordeum vulgare subsp. vulgare	RefPlantNLR	He81d529717e9	0	assigned
RefPlantNLR|MLA22	04422c5b3aa0969ea41386fc43a45190d1487347da339fd83040fef614e487e9	Hordeum vulgare subsp. vulgare	RefPlantNLR	He81d529717e9	0	assigned
RefPlantNLR|MLA23	8208653cbc3ef5a6ef43922dc8c3576831e3b3757c7a332734729dabcaded26d	Hordeum vulgare subsp. vulgare	RefPlantNLR	He81d529717e9	0	assigned
RefPlantNLR|MLA25-1	5a35f65c11fce4f9527cb27e2cac779135877faa90fb50c26693d63fd0268111	Hordeum vulgare subsp. vulgare	RefPlantNLR	He81d529717e9	0	assigned
RefPlantNLR|MLA27-1	73b4bea2539fc838416afbc2822016929063dc8991d35391eae003d433461b99	Hordeum vulgare subsp. vulgare	RefPlantNLR	He81d529717e9	0	assigned
RefPlantNLR|MLA27-2	04d3bd87bc8a2469645275387e7172b05ac4aa31eb6c65b2476341855263da63	Hordeum vulgare subsp. vulgare	RefPlantNLR	He81d529717e9	0	assigned
RefPlantNLR|MLA28-1	1ec9083ee4e9e10ef7d61fb47ea071f71f3837017426ce5e06ea6ff05043e6cd	Hordeum vulgare subsp. vulgare	RefPlantNLR	He81d529717e9	0	assigned
RefPlantNLR|MLA30-1	bc6fb41004b4b068b653cf54f363fa6534464106812b178bd417dc3aa1f5befe	Hordeum vulgare subsp. vulgare	RefPlantNLR	He81d529717e9	0	assigned
RefPlantNLR|MLA31-1	0513ad6ffe9730916eee6c06e83f634f0bbb4e1a101d33539d50193cf6cda941	Hordeum vulgare subsp. vulgare	RefPlantNLR	He81d529717e9	0	assigned
RefPlantNLR|MLA32	f03dee6af895cce73257a54b2d7b63901925f22891bc9942052eb471f5976301	Hordeum vulgare subsp. vulgare	RefPlantNLR	He81d529717e9	0	assigned
RefPlantNLR|MLA34	8b130cab2ba00fc7ff430828625346388bed8958a5a7c81c86e430b6a2906bda	Hordeum vulgare subsp. spontaneum	RefPlantNLR	He81d529717e9	0	assigned
RefPlantNLR|MLA35-1	4a20388885fa280f1b1079566e6eda1eebe046d60a77fb8bbebeef34412b7182	Hordeum vulgare subsp. vulgare	RefPlantNLR	He81d529717e9	0	assigned
RefPlantNLR|MLA36-1	6833f3ffae62eae6d94433cf3427a83cae6ff32778bb78b67c7d375faad53f88	Hordeum vulgare subsp. vulgare	RefPlantNLR	He81d529717e9	0	assigned
RefPlantNLR|MLA37-1	5f0d153752f3ede06276ab715a37569b11dd920b896859e6c36f4584086da263	Hordeum vulgare subsp. vulgare	RefPlantNLR	He81d529717e9	0	assigned
RefPlantNLR|MLA39-1	1c0bde61801e702d4ea85c30c9878fb8a4e1e6b2a02265f71a2c211073b01004	Hordeum vulgare subsp. vulgare	RefPlantNLR	He81d529717e9	0	assigned
RefPlantNLR|MrRPV1	15aac4bf14b905ec4485a84c3bacb56192a64ed403dcb4d75c170196dd6f8ac9	Vitis rotundifolia	RefPlantNLR	He81d529717e9	0	assigned
RefPlantNLR|MrRUN1	b6f68eff92abbff39d9a871b01574cb7e7e427fc1255b44a635fd46970b3f0e8	Vitis rotundifolia	RefPlantNLR	He81d529717e9	0	assigned
RefPlantNLR|muRdr1A	a781dc05b0053559f2dced7fb1ce8601d98af3edd54da586a3d7f8d4eeec032d	Rosa multiflora	RefPlantNLR	He81d529717e9	0	assigned
RefPlantNLR|muRdr1H	da451f3c1b42b3747eee80259e27c705f832e79b04ee8ea6d9fe3b15bf70f901	Rosa multiflora	RefPlantNLR	He81d529717e9	0	assigned
RefPlantNLR|N	c85b3effdae7721e5451a5b1caf5fad61d16e3415d2d31cf317e3c16760e589e	Nicotiana glutinosa	RefPlantNLR	He81d529717e9	0	assigned
RefPlantNLR|Napostrophe	b84537f830581f63089312fe16da87bf0bc55952ecfc19a01b0854345467a092	Nicotiana sylvestris	RefPlantNLR	He81d529717e9	0	assigned
RefPlantNLR|NbADR1	ae53173ce6f6e6b625f99ebadf6b6c09c4385b7ef9f9e7b75e27e705f95576e4	Nicotiana benthamiana	RefPlantNLR	He81d529717e9	0	assigned
RefPlantNLR|NbNRC2a	9c28b97b74494f4fff835ab469bbf847bcf1f0b26b09a3dd2ae0100f504956d3	Nicotiana benthamiana	RefPlantNLR	He81d529717e9	0	assigned
RefPlantNLR|NbNRC2b	de5629e0706396762fd84d8e44b4870fa99250be8cb8b38bbd14b6096b3aee5a	Nicotiana benthamiana	RefPlantNLR	He81d529717e9	0	assigned
RefPlantNLR|NbNRC3	e75a43163efbf3162446f37393fcfeb8404b71b4810b5c4f1752d4a9d63838fc	Nicotiana benthamiana	RefPlantNLR	He81d529717e9	0	assigned
RefPlantNLR|NbNRC4a	d77f35728aa6444784cf150c62d72994ec041d5ee14ef55313f467c4554331a1	Nicotiana benthamiana	RefPlantNLR	He81d529717e9	0	assigned
RefPlantNLR|NbNRC4b	62dd6bdd3ce0cb825f2dfba0fa7f7b59e3185491783388cb6deea84c81a67c52	Nicotiana benthamiana	RefPlantNLR	He81d529717e9	0	assigned
RefPlantNLR|NbNRC4c	52b87138d4f1ff89638960e807b4e68d0437d023c7172142685995a1bac15bf4	Nicotiana benthamiana	RefPlantNLR	He81d529717e9	0	assigned
RefPlantNLR|NbPRFa	762083512eb740f8246293dbf26f2142e0264f879b91fcad91f666b9379185dc	Nicotiana benthamiana	RefPlantNLR	He81d529717e9	0	assigned
RefPlantNLR|NbPRFb	fcdaaeb6fd17ad0826db6a61d02708b8a4744c059dee4ea24706d3a13e412382	Nicotiana benthamiana	RefPlantNLR	He81d529717e9	0	assigned
RefPlantNLR|NbPtr1	96f8d3be81865167d091e185d19213ec27eb878e7bbfa695d832958860929099	Nicotiana benthamiana	RefPlantNLR	He81d529717e9	0	assigned
RefPlantNLR|NbZAR1	bde1ea39382f2af692987ab8895f79a0defb753557cdc0e2fd4367117b17541e	Nicotiana benthamiana	RefPlantNLR	He81d529717e9	0	assigned
RefPlantNLR|Ngc-D	6a07a747b25044ede5cd87a97f6100202d39268dfe4727af99f143305c662de0	Linum usitatissimum	RefPlantNLR	He81d529717e9	0	assigned
RefPlantNLR|NiattPtr1	067816507ba825e74d5efc21a098018677b3863007c6e6d997befb88596801e6	Nicotiana attenuata	RefPlantNLR	He81d529717e9	0	assigned
RefPlantNLR|NitabPtr1	f5a06b5fc7f4aaa3ef93a2c6f5016b87e42411cde2b06019d689b93e83a32c6f	Nicotiana tabacum	RefPlantNLR	He81d529717e9	0	assigned
RefPlantNLR|NLS1	bf304dbcaa61656f62a1077c13bd31c3b41461fb448b866961e8945f60bb3877	Oryza sativa Japonica Group	RefPlantNLR	He81d529717e9	0	assigned
RefPlantNLR|NRC0	64f30881036d188fb45c0209ec5117f5e3608e8c83b1a0cdbd3c61135a7a9734	Solanum lycopersicum	RefPlantNLR	He81d529717e9	0	assigned
RefPlantNLR|NRC1	f242208c12188bb70c556a4286b16337e8f44e179faaf0331da2d821afa79ee1	Solanum lycopersicum	RefPlantNLR	He81d529717e9	0	assigned
RefPlantNLR|NRC2	baa1cb82a7de504dc28757191aef9b65b14188d33e8d3b73b442e7911423dcd2	Solanum lycopersicum	RefPlantNLR	He81d529717e9	0	assigned
RefPlantNLR|NRC3	f993fe1701ad1aa40496582f029d73766d31b7f373fcdec6d925694ac62fa834	Solanum lycopersicum	RefPlantNLR	He81d529717e9	0	assigned
RefPlantNLR|NRC4a	35f1b3fdd3eef64bf9fb94e80b938174469ef3f0f9ab41aaedfd86119886d88b	Solanum lycopersicum	RefPlantNLR	He81d529717e9	0	assigned
RefPlantNLR|NRC4b	baf63e0255f17f2a8d9e8efb2f925375834e7cef605370a13b3b7d1b2792dad9	Solanum lycopersicum	RefPlantNLR	He81d529717e9	0	assigned
RefPlantNLR|NRC6	089fab7647a80d4b133899bed40c52ccd65dfa970cf8c97c5f5b85b6d62f0a9d	Solanum lycopersicum	RefPlantNLR	He81d529717e9	0	assigned
RefPlantNLR|NRG1	539521f4598eef47fbd1b9ea13f786df6f8ae018d06f1f01b59130e4b31885e7	Nicotiana benthamiana	RefPlantNLR	He81d529717e9	0	assigned
RefPlantNLR|NtomPtr1	e5c52366099f382fa8d86f92d09a863be45fb1b0217542aa69b6791d5ba12bbd	Nicotiana tomentosiformis	RefPlantNLR	He81d529717e9	0	assigned
RefPlantNLR|NtTPN1	55c350aa04781ae4047d34b683a1eee1d3b25c88111cb3a4dc81fe0e40b3e3fb	Nicotiana tabacum	RefPlantNLR	He81d529717e9	0	assigned
RefPlantNLR|P	1b9fb4e36238b835239c0d40fb134a607c24952e447994e8b08f53d5aa0b7db3	Linum usitatissimum	RefPlantNLR	He81d529717e9	0	assigned
RefPlantNLR|P2	3c7a17f4bb6e21d2ca720ccf8335988246d16d6e609a701eea95362f8e80b234	Linum usitatissimum	RefPlantNLR	He81d529717e9	0	assigned
RefPlantNLR|Pb1	3a0b9b8c85626768139aad004c529ba4e033a898b9d6905ffd1b5281a8b65a3c	Oryza sativa Japonica Group	RefPlantNLR	H824432f75920		quarantine: no standardized NB-ARC domain
RefPlantNLR|Pbr1.b	3bda35d7e5de007195dc4d8ffca701dd345cbf1bc4b0e09d86ddbcc1cd393c9d	Hordeum vulgare subsp. vulgare	RefPlantNLR	He81d529717e9	0	assigned
RefPlantNLR|Pbr1.c	a476fe6a5b1f321b71c06723490bfe8dd4fd9e8ba43a3aad1d3b4befa084b401	Hordeum vulgare subsp. vulgare	RefPlantNLR	He81d529717e9	0	assigned
RefPlantNLR|Pc	384b84699ba6a9139d3412d80d5871bfdb2af3c39c5b2ef3fc979ca10278d004	Sorghum bicolor	RefPlantNLR	He81d529717e9	0	assigned
RefPlantNLR|Ph-3	2dc03d1656aff7184a849152ae697af51a949670c7278c3a3a9586e0777592d2	Solanum pimpinellifolium	RefPlantNLR	He81d529717e9	0	assigned
RefPlantNLR|Pi1-5	1b1f2502efde9aee498f61b9e11047a94307882fd8069aa9a7f1d1b24b6044fc	Oryza sativa Indica Group	RefPlantNLR	He81d529717e9	0	assigned
RefPlantNLR|Pi1-6	472a20cbc29639d63bacf573c5d469b1aba5dacbca1dd487af35a3207dc4c539	Oryza sativa Indica Group	RefPlantNLR	He81d529717e9	0	assigned
RefPlantNLR|Pi2	26e3307117c05b781ca364c49e8a4dbd0d82ee68619da78666c6d0723e9fe5e1	Oryza sativa Indica Group	RefPlantNLR	He81d529717e9	0	assigned
RefPlantNLR|Pi5-1	317d992a3fb75d975ba89947311fdb3a03806705231b864fb7ac57d538503722	Oryza sativa Japonica Group	RefPlantNLR	He81d529717e9	0	assigned
RefPlantNLR|Pi5-2	57382af2d4fe4497cef5a69d7de33c265ed063805ad3d9d2de7accb18efb96e6	Oryza sativa Japonica Group	RefPlantNLR	He81d529717e9	0	assigned
RefPlantNLR|Pi5-3	be16b9c3c5ee71e353996a07f396dbf31b7fd54968d2c16ef5ffe578f25492dc	Oryza sativa Japonica Group	RefPlantNLR	He81d529717e9	0	assigned
RefPlantNLR|Pi7-J-1	bcad08fa4d13ad2dbe94bf4c657f733e70607b12aa97522cfee8c2844d2f5cb2	Oryza sativa Indica Group	RefPlantNLR	He81d529717e9	0	assigned
RefPlantNLR|Pi7-J-2	c89a074f3a68040a7c6c8a87f24d355798b49f582e3fc0bbdd3032f4d86f29ad	Oryza sativa Japonica Group	RefPlantNLR	He81d529717e9	0	assigned
RefPlantNLR|Pi9	bf0fcda08af1f58b4debfcab58a9da55d1f8ab8cab232613ef5a8834aa8379f1	Oryza sativa Indica Group	RefPlantNLR	He81d529717e9	0	assigned
RefPlantNLR|Pi35	57ef12162ba99e86de6bd4ee39e8e7e4a74443ff8c1e1b0beffa98157e268926	Oryza sativa Japonica Group	RefPlantNLR	He81d529717e9	0	assigned
RefPlantNLR|Pi36	8c9b915af2d87074e54c1faada86c59f7f2f5c43c68099777d279ec820ffaddb	Oryza sativa Indica Group	RefPlantNLR	He81d529717e9	0	assigned
RefPlantNLR|Pi37	4cc210d5cee3b214c165ef9bfba5c147a9c38df752210092bd34e830a45ebb6c	Oryza sativa Japonica Group	RefPlantNLR	He81d529717e9	0	assigned
RefPlantNLR|Pi54	af8ee186ce40a523a360e7848f8359ee31735f9ecdd7046e7aee9ac6a8fdb1c6	Oryza sativa Indica Group	RefPlantNLR	He81d529717e9	0	assigned
RefPlantNLR|Pi63	09e080267b3baafd4681b5979074ecd6b40f4be7be7dcb137f7dcd3ca171f2f0	Oryza sativa Japonica Group	RefPlantNLR	He81d529717e9	0	assigned
RefPlantNLR|Pi64	d84fe9d3b5c971862fbad768b39ed7569ff2014b2f2ef6c20d903c93b9d4a067	Oryza sativa Japonica Group	RefPlantNLR	He81d529717e9	0	assigned
RefPlantNLR|Pia-1	7208c821f7e4518dbb9216779120a9efc2bda360cece05692dd79c65fb952379	Oryza sativa Japonica Group	RefPlantNLR	He81d529717e9	0	assigned
RefPlantNLR|Pia-2	f79864c9fb3ad737c04b85c3bf506bef3afc804238850ccbd9db54f044078dc6	Oryza sativa Japonica Group	RefPlantNLR	He81d529717e9	0	assigned
RefPlantNLR|Pib	95c044755b23a4e9bb73046ae068821821682d18056be094c2df1f1dad17a340	Oryza sativa Japonica Group	RefPlantNLR	He81d529717e9	0	assigned
RefPlantNLR|Pid3	60ad57ebb751d764e4b6b51bd37e6fee08453a667d7e8225827a0e8fa09f0e0c	Oryza sativa Indica Group	RefPlantNLR	He81d529717e9	0	assigned
RefPlantNLR|Pid3-A4	f78d10f7ebc3b1bb1b8d07598b9c5611c211242973fcb3a7b7fe0a8463c03205	Oryza rufipogon	RefPlantNLR	He81d529717e9	0	assigned
RefPlantNLR|Pid3-I1	d0cb8c851d51d133883beb9b47de1f14c38f326d1fc15809e612d94a84f0088a	Oryza sativa aus Group	RefPlantNLR	He81d529717e9	0	assigned
RefPlantNLR|Pid3-W3	c5bd89cd062ff5f50e1f2695e6e0e8c03bcc99afa034bd8f30a40fed8de2a8c1	Oryza rufipogon	RefPlantNLR	He81d529717e9	0	assigned
RefPlantNLR|Pid3-W4	fc4dce3f3615dc968d73eb995eac5ddac893ac19101c85c8a52a66b42d883c8d	Oryza rufipogon	RefPlantNLR	He81d529717e9	0	assigned
RefPlantNLR|PigmR	75329bca88dcd8dd3a843ca9b6f3d202a0f2389fe631a95c75fee0d2eb525e9f	Oryza sativa Indica Group	RefPlantNLR	He81d529717e9	0	assigned
RefPlantNLR|PigmS	652cc00668d2b5fa87fa8dc3235146d6e0bb7ff7b796426d00b4cab5b14cca3a	Oryza sativa Indica Group	RefPlantNLR	He81d529717e9	0	assigned
RefPlantNLR|PIH-X	3f6b17dc7a0b8c0bfcadc2749dd97d9781f04968844a0b97ebe15605fc2a9184	Capsicum chinense	RefPlantNLR	He81d529717e9	0	assigned
RefPlantNLR|Pii-1	d18fca0b8609d8fad66308ff117eb96bc8416ef02ab2d094b39fe958b10ace11	Oryza sativa Japonica Group	RefPlantNLR	He81d529717e9	0	assigned
RefPlantNLR|Pii-2	4a0154bd8c8ed368533705fffb167c4eb1b04b7327659feab67ebc41eefd0337	Oryza sativa Japonica Group	RefPlantNLR	He81d529717e9	0	assigned
RefPlantNLR|PIK5-NP	4196f33690ee5dc4519cac7eae97db175c8f5037cc90c3eeb3846c248a7b4fdf	Oryza sativa Japonica Group	RefPlantNLR	He81d529717e9	0	assigned
RefPlantNLR|PIK6-NP	585a998e98fe3c2436a486543df2b56e25f845f68fc3c71e497cfd2c59e518b1	Oryza sativa Japonica Group	RefPlantNLR	He81d529717e9	0	assigned
RefPlantNLR|Pik-1	687e53c8eb6998e7ef682870ee013caa129214c2a6024a5d37300fecf8b7d3e4	Oryza sativa Japonica Group	RefPlantNLR	He81d529717e9	0	assigned
RefPlantNLR|Pik-2	da4527e4caad7b22fec08474dade46b154fe3f6d3c5ae0906b4315697cdbc00e	Oryza sativa Japonica Group	RefPlantNLR	He81d529717e9	0	assigned
RefPlantNLR|Pik-e1	1f5a8e7d634ed6fb0e2d34cf8843580408aa0be71bb8572386eb2fbd06b56ba7	Oryza sativa Indica Group	RefPlantNLR	He81d529717e9	0	assigned
RefPlantNLR|Pik-e2	9975023856559a73ad222523e754a49ce1c8723eae8892336316f9b82fae6879	Oryza sativa Indica Group	RefPlantNLR	He81d529717e9	0	assigned
RefPlantNLR|Pik-h1	8c2dacbcd7d68a6cb68718c410ef7cd93ca867a07eb6a585a6c9d7aaf8fb8f8c	Oryza sativa Japonica Group	RefPlantNLR	He81d529717e9	0	assigned
RefPlantNLR|Pik-h2	c89a074f3a68040a7c6c8a87f24d355798b49f582e3fc0bbdd3032f4d86f29ad	Oryza sativa Japonica Group	RefPlantNLR	He81d529717e9	0	assigned
RefPlantNLR|Pik-m1	c0eb25a3645feba54d2016ad41125fc57a3938807e46be2d5ef1e80f279bbf61	Oryza sativa Japonica Group	RefPlantNLR	He81d529717e9	0	assigned
RefPlantNLR|Pik-m2	da4527e4caad7b22fec08474dade46b154fe3f6d3c5ae0906b4315697cdbc00e	Oryza sativa Japonica Group	RefPlantNLR	He81d529717e9	0	assigned
RefPlantNLR|Pik-p1	bf467778847a73424488f3e3963ee1faa7570889fab0050168a736dbb9d148b0	Oryza sativa Japonica Group	RefPlantNLR	He81d529717e9	0	assigned
RefPlantNLR|Pik-p2	c89a074f3a68040a7c6c8a87f24d355798b49f582e3fc0bbdd3032f4d86f29ad	Oryza sativa Japonica Group	RefPlantNLR	He81d529717e9	0	assigned
RefPlantNLR|Pik-s1	c652a5d3fac4526c5b5bf467069a6081a28f07a6fbb1a195aba08071c83f8768	Oryza sativa Japonica Group	RefPlantNLR	He81d529717e9	0	assigned
RefPlantNLR|Pik-s2	da4527e4caad7b22fec08474dade46b154fe3f6d3c5ae0906b4315697cdbc00e	Oryza sativa Japonica Group	RefPlantNLR	He81d529717e9	0	assigned
RefPlantNLR|PiPR1	5cb702d7f9d9d9e001be83c6df1c1eb3a5acaec67167dcfcc615f6775b49e5a4	Oryza sativa Japonica Group	RefPlantNLR	He81d529717e9	0	assigned
RefPlantNLR|Pish	b0ca200c9501ff952dbfda41543ad95f352997dd0ca8484c525f3cf3b2a8b027	Oryza sativa Japonica Group	RefPlantNLR	He81d529717e9	0	assigned
RefPlantNLR|Pit	c59dc2a561b349836c78dc2c74f7fd420f5c3b4b7056d1965b1135924efcc410	Oryza sativa Japonica Group	RefPlantNLR	He81d529717e9	0	assigned
RefPlantNLR|Pi-ta	e5ece89536ba910d47215d50950365700a176beb3fe192c1922900a165e7b753	Oryza sativa Japonica Group	RefPlantNLR	He81d529717e9	0	assigned
RefPlantNLR|Pi-ta-RGA4	49574c29af0bfd72dc993439d50eab9d8245268413d8e03e39173db5d1c10c2a	Oryza sativa Japonica Group	RefPlantNLR	He81d529717e9	0	assigned
RefPlantNLR|Piz-t	6e87c8213fca41e5a8adaf92dd29b35a915fd9b3b0ee434b2d3e71a31545e04d	Oryza sativa Japonica Group	RefPlantNLR	He81d529717e9	0	assigned
RefPlantNLR|Pl8	f1844dc0bc9c653e4839e18bc9aa0ac7ec5f1cfd1c7991257811a01dc49bdf39	Helianthus annuus	RefPlantNLR	He81d529717e9	0	assigned
RefPlantNLR|Pl17	58f324fd4fd79a3063c6360cc4ee884532f7517cea2eaf13d4b1e6379977f17c	Helianthus annuus	RefPlantNLR	He81d529717e9	0	assigned
RefPlantNLR|Pm1a	9d5013a9857fc4321912444f56266f2bc96dcf966d504035cf46e2ddb1a16f16	Triticum aestivum	RefPlantNLR	He81d529717e9	0	assigned
RefPlantNLR|Pm2a	4d7a7786bfc323684b2311c59b88b58bb9907eb43af1bc4c825af20189017361	Triticum aestivum	RefPlantNLR	He81d529717e9	0	assigned
RefPlantNLR|Pm2d	d1e2d8539d3e284ecf873ba5ed0a1679055c188e2026ba2554ccd8a669bccbb5	Aegilops tauschii subsp. strangulata	RefPlantNLR	He81d529717e9	0	assigned
RefPlantNLR|Pm2e	be13a0d47d7fd1f7c2fcf40455cae8b185fc2e14d7aba5df2159adb4390d9540	Aegilops tauschii subsp. strangulata	RefPlantNLR	He81d529717e9	0	assigned
RefPlantNLR|Pm2f	ca19423fd8535fdd4439b4ea96c8bbc4d6a1936c0d8085134278cce8b0119850	Aegilops tauschii subsp. strangulata	RefPlantNLR	He81d529717e9	0	assigned
RefPlantNLR|Pm2g	d1b86d4995dddc969a9752b9eb3fc2f507659253359e89ed19fcd64ed5a193ac	Aegilops tauschii subsp. strangulata	RefPlantNLR	He81d529717e9	0	assigned
RefPlantNLR|Pm2h	75d459041847715e0daabb521a71861b12879182b568dd237266f097a7189e1f	Aegilops tauschii subsp. strangulata	RefPlantNLR	He81d529717e9	0	assigned
RefPlantNLR|Pm2i	bcd44ad0b22adfbf3db7890b8f2fe002ac6d7559bb41cf329583d59cfc78cd7e	Aegilops tauschii subsp. strangulata	RefPlantNLR	He81d529717e9	0	assigned
RefPlantNLR|Pm2j	7ecb550fc101f8ed2fae4af0556a1ce031852e1af7e1078dd3f2df5af5f699f9	Aegilops tauschii subsp. strangulata	RefPlantNLR	He81d529717e9	0	assigned
RefPlantNLR|Pm3a	bda763ea04120811a6b8d7076241bf884cdc47df19a045c3017c31cbff225db8	Triticum aestivum	RefPlantNLR	He81d529717e9	0	assigned
RefPlantNLR|Pm3b	9faadbd1273fd11abede2457eeedb66b123558689d6a1eac1cd59fb0e7a8f47c	Triticum aestivum	RefPlantNLR	He81d529717e9	0	assigned
RefPlantNLR|Pm3c	c9985e96e9d89a2f038304a23edca0b2e41189a57af8b89be8f922999850478f	Triticum aestivum	RefPlantNLR	He81d529717e9	0	assigned
RefPlantNLR|Pm3CS	48f8fecb90468b0c24a763673711be50ea5bc7a498d6e46d2ac1d3f8406c8683	Triticum aestivum	RefPlantNLR	He81d529717e9	0	assigned
RefPlantNLR|Pm3d	e455ca15c49c6f44b6c0f2856565784861634663ff5f1419d0ba8d6855acb6ae	Triticum aestivum	RefPlantNLR	He81d529717e9	0	assigned
RefPlantNLR|Pm3e	521cb24f1b91a79afc017aed08a2100f1591cb1de29d70d0e0bd9afca55667da	Triticum aestivum	RefPlantNLR	He81d529717e9	0	assigned
RefPlantNLR|Pm3f	819d940b5a09d5ae2ca1652c0024852af16a097ea6d191ec37a57a84b7143bc8	Triticum aestivum	RefPlantNLR	He81d529717e9	0	assigned
RefPlantNLR|Pm3g	9404d8749d0fec3d16b5269bc767b194e99a5e4fb9e8a5a0057d32b89ef2d68c	Triticum aestivum	RefPlantNLR	He81d529717e9	0	assigned
RefPlantNLR|Pm3k	d5b94d94d83be12dde67489fba3f9d6e0aa9f8a964c17de6f6841c1371a8fc97	Triticum turgidum subsp. dicoccoides	RefPlantNLR	He81d529717e9	0	assigned
RefPlantNLR|Pm5a	b176ecd5cce51afbb4a4b7ed98be47da31168c62ccec2d7a18f35a70e5b722ba	Triticum aestivum	RefPlantNLR	He81d529717e9	0	assigned
RefPlantNLR|Pm5b	89cdca1f8bd858ebe5eb9b5fd5ba60d305f5d5312eaeb50402fa66a628471836	Triticum aestivum	RefPlantNLR	He81d529717e9	0	assigned
RefPlantNLR|Pm5-BMDM	1689e711505822d07d6817d1179f5873d19b7bbdd61d28dffa3c545fa3fc7563	Triticum aestivum	RefPlantNLR	He81d529717e9	0	assigned
RefPlantNLR|Pm5-CS	6ff00bdadc865bf6ac06bba3d19e9b3979740f1e86c9c9a2990afcae36746ded	Triticum aestivum	RefPlantNLR	He81d529717e9	0	assigned
RefPlantNLR|Pm5e	87ec6035b799c9f6f507e420cbfa8554015e47029ed5f7fd4a0fc7cdfaac9629	Triticum aestivum	RefPlantNLR	He81d529717e9	0	assigned
RefPlantNLR|Pm5-ND	b176ecd5cce51afbb4a4b7ed98be47da31168c62ccec2d7a18f35a70e5b722ba	Triticum aestivum	RefPlantNLR	He81d529717e9	0	assigned
RefPlantNLR|Pm8	fc3c8d4a741a0df2e4c6df26eb97fda73353a5b94c3e3d441e72d2d5caabc1fe	Triticum aestivum	RefPlantNLR	He81d529717e9	0	assigned
RefPlantNLR|Pm17	88d5aedeaa825ab78b0e8c976af9cee3ae3986e1fab1a78b8fc3e35d816a3b86	Triticum aestivum	RefPlantNLR	He81d529717e9	0	assigned
RefPlantNLR|Pm21	03938ad3e706e2758a62778d2e68b76aeb8d34344d5921566921e451ee699962	Dasypyrum villosum	RefPlantNLR	He81d529717e9	0	assigned
RefPlantNLR|Pm41	845b50bcad79a73efab09409ce00b060de0a03a576e677dd9e1eafd6c5defbf2	Triticum turgidum subsp. dicoccoides	RefPlantNLR	He81d529717e9	0	assigned
RefPlantNLR|Pm60	574c8e96ba619248188662c63d53fdf2e91abd1ea0621c5a094c98e483c6bb56	Triticum urartu	RefPlantNLR	He81d529717e9	0	assigned
RefPlantNLR|Pm60a	c2368b18e99f18f8896c8a88d04b0ce4f85092b5c93272901700380dd8aa1282	Triticum urartu	RefPlantNLR	He81d529717e9	0	assigned
RefPlantNLR|Pm60b	ee844d5ac5cb74163124b18cd5a9b3c176a43275c694759929f247f2a55ae783	Triticum urartu	RefPlantNLR	He81d529717e9	0	assigned
RefPlantNLR|PmR1	5b8982bd87dcdc17c02b876ed54c4e5524c6e6034cea76663d13c8b2a8ccafb1	Triticum urartu	RefPlantNLR	He81d529717e9	0	assigned
RefPlantNLR|Prf	eaf35147a6d81b0fa78db3a6fa97f50d31116c4a8e80dd8d11671bc8626096e7	Solanum lycopersicum 	RefPlantNLR	He81d529717e9	0	assigned
RefPlantNLR|Prv^1	a35b43cc45167469070e8823f6759db03be205930397483ab1fd45910c3d6e67	Cucumis melo	RefPlantNLR	He81d529717e9	0	assigned
RefPlantNLR|Prv^2	2c806a1d13e7dc4e975c9bbef5e3f69cb325464e1758a4b46172140deab5acac	Cucumis melo	RefPlantNLR	He81d529717e9	0	assigned
RefPlantNLR|Ptr1	daf829842ee46a4a4d34c07bd5c9d6a6edb608de2d632b863990c23b379d7c5b	Solanum lycopersicoides	RefPlantNLR	He81d529717e9	0	assigned
RefPlantNLR|PvLOV	12e6a5a4568669586303415ec2f8999e79d13efa1b6a6f5dcc690a3e398227d5	Phaseolus vulgaris	RefPlantNLR	He81d529717e9	0	assigned
RefPlantNLR|Pvr4	d8b8c6253eb8480e9d2ecaaefc6edf6fbd22ba79d233319056070355a572ba45	Capsicum annuum	RefPlantNLR	He81d529717e9	0	assigned
RefPlantNLR|R1	0031aac1a92c1fd507e3f33403019326b213ffcc5c0f1d58b461fd35f6d78263	Solanum demissum	RefPlantNLR	He81d529717e9	0	assigned
RefPlantNLR|R2	d2b3937031553799270648ffa1d7b96f3d0f7ac07586c58b7771ee7a29aa11b7	Solanum demissum	RefPlantNLR	He81d529717e9	0	assigned
RefPlantNLR|R2-like	46916afefcc509c9879aaba2ec6dfffe9d76e32347702fb761c37f6f1cc126c4	Solanum sp. AM-3778-16	RefPlantNLR	He81d529717e9	0	assigned
RefPlantNLR|R3a	2459c7141b032b8f924be9edd8397dbb9fe73b307657a78fcf2dd162241220c5	Solanum tuberosum	RefPlantNLR	He81d529717e9	0	assigned
RefPlantNLR|R3b	b2aae6dae06f641be886aa248cfda9d0e235abcff0a6b5b03f326732c1f2f63d	Solanum demissum	RefPlantNLR	He81d529717e9	0	assigned
RefPlantNLR|R8	b9feda3819c04bba649c40996fffc8dad0ae806b3a4a9797f08cd23432c9cbcf	Solanum demissum	RefPlantNLR	He81d529717e9	0	assigned
RefPlantNLR|R9a	2cd3a72f309e88770a11f3b5fcf671a02b69c41c1ba6fc91b386dd1c215077c8	Solanum demissum	RefPlantNLR	He81d529717e9	0	assigned
RefPlantNLR|RAC1	9d4203dae4527102f62b61e83575635588b12de0cec916d136d5b6bc9f2f477d	Arabidopsis thaliana	RefPlantNLR	He81d529717e9	0	assigned
RefPlantNLR|Rcg1	de6a0b7a2332c8668f306f449c4283d7a7520b8230af9c0f17ad5760bb65faa2	Zea mays	RefPlantNLR	He81d529717e9	0	assigned
RefPlantNLR|RCT1	6490ae95d25b342294a4fd9889226fe849a78acf4f8710fedc397f3bcbaa0427	Medicago truncatula	RefPlantNLR	He81d529717e9	0	assigned
RefPlantNLR|RCY1	a81c6b3718e57290291c432ff8a8f9623b5f4b14d34c99e31c2930fe77d0d60a	Arabidopsis thaliana	RefPlantNLR	He81d529717e9	0	assigned
RefPlantNLR|RDG2A	db3e1cb774a317dbe35941ff4cca2fc8c0672d0fbbc6c1fae7d3bf42947ee124	Hordeum vulgare subsp. vulgare	RefPlantNLR	He81d529717e9	0	assigned
RefPlantNLR|Rfg1	626d970f199a99e5a06ea7e02cb4661847c6ccd128bc3f50b1c761c758d101a1	Glycine max	RefPlantNLR	He81d529717e9	0	assigned
RefPlantNLR|RFL1	b378570c0b0dab8f7017c56f6ed4846eb37dda964704140e9d47d7f39957c058	Arabidopsis thaliana	RefPlantNLR	He81d529717e9	0	assigned
RefPlantNLR|RGA2	49f9235045d4a39747bc4810a73bf3e9cbb08f3518b00c7314656301040d364f	Triticum turgidum subsp. dicoccoides	RefPlantNLR	He81d529717e9	0	assigned
RefPlantNLR|RGA2a	a34bdb8b4696c55bc706bca0e7d4984e1549dc47ad6aa9e74207ed540dbb8589	Aegilops tauschii	RefPlantNLR	He81d529717e9	0	assigned
RefPlantNLR|RGC2B	a94d1879bdcb70bcfdc434e220b542318f6794e4574612673021af79b46e88b9	Lactuca sativa	RefPlantNLR	He81d529717e9	0	assigned
RefPlantNLR|Rj2	d39445f9a0b90e694e5e7ec293d2e1e10c68094393035713dd1835fef95901b1	Glycine max	RefPlantNLR	He81d529717e9	0	assigned
RefPlantNLR|rj2_rfg1	b85f4eec5f4261bfc2c43c1aac70d46726d70909c0e03178f8f4c508c4c62ae3	Glycine max	RefPlantNLR	He81d529717e9	0	assigned
RefPlantNLR|RLM1A	a7919f8797b798531fd9c73fbbb78b9273f1b697b129c7043bc0548616f9f55c	Arabidopsis thaliana	RefPlantNLR	He81d529717e9	0	assigned
RefPlantNLR|RLM1B	46eeca14dffbad53983b4730d46275f613166bed008c7a1627d2ddf6a292f808	Arabidopsis thaliana	RefPlantNLR	He81d529717e9	0	assigned
RefPlantNLR|RLM3_Col	c40734956147ffe534b565af88d05e56bd9c734fbd32cd40d9e221793436b150	Arabidopsis thaliana	RefPlantNLR	He81d529717e9	0	assigned
RefPlantNLR|Roq1	48c1427767fd4917e3cc7ca1c4f0d265e4d36860e6c3bbd5070c77cb2fdd1428	Nicotiana benthamiana	RefPlantNLR	He81d529717e9	0	assigned
RefPlantNLR|Rp1-D	2a305a7f7e260386e03780f8e5c0d883a835cc9f91448a0b681694b16284625c	Zea mays	RefPlantNLR	He81d529717e9	0	assigned
RefPlantNLR|Rp3-1	a0e188eb964962e60f85b934179e9ec73326c286bf6609f46966da3204986d4d	Zea mays	RefPlantNLR	He81d529717e9	0	assigned
RefPlantNLR|Rpa1	bc6414d6ea592e0d5aa1fa1c3efcd87585214eec192b5169beaa011b8aac8b4a	Nicotiana tabacum	RefPlantNLR	He81d529717e9	0	assigned
RefPlantNLR|Rpg1b	a1242c315c6c52ffa8699579feb391bef0a941ee840997867396e7c324a01ef3	Glycine max	RefPlantNLR	He81d529717e9	0	assigned
RefPlantNLR|Rpg1r	10f5e90914d10d63b102c757291f2ec655ed1c3ed60fb04d0ed47de8cfbf796d	Glycine max	RefPlantNLR	He81d529717e9	0	assigned
RefPlantNLR|RPG5	06e710b3f50f8741163e86185b419f525cd793f0b3aeae223fe7a531dc9ad037	Hordeum vulgare subsp. vulgare	RefPlantNLR	He81d529717e9	0	assigned
RefPlantNLR|Rph1	2a7cbd47307a1057456d58eb75d30f78fb5ce09f697d8c5833eec1162c6eff0e	Hordeum vulgare subsp. vulgare	RefPlantNLR	He81d529717e9	0	assigned
RefPlantNLR|Rph15	11140c270a8c26390dce4542e6c058da39b599cd42864c612d8c40cc9404cc19	Hordeum vulgare subsp. spontaneum	RefPlantNLR	He81d529717e9	0	assigned
RefPlantNLR|RPi-abpt	01335c15174ec81b7f7032e367caec709c0793e7baf1401d4c3d996d5ac8677a	Solanum sp. ABPT	RefPlantNLR	He81d529717e9	0	assigned
RefPlantNLR|Rpi-amr1e	81451ae613265f8cdaf3a8a641ee5884a0f6724147ec38098e487f029e844a65	Solanum americanum	RefPlantNLR	He81d529717e9	0	assigned
RefPlantNLR|Rpi-amr1e-1032	6c26c6825cee79f4bc60145bc768d036e341a8a9880c5416c9d73d293373d259	Solanum americanum	RefPlantNLR	He81d529717e9	0	assigned
RefPlantNLR|Rpi-amr1e-1101	43d5c62f2c8f064547b1e05553b09299a45891b54ef8020711576486fa65b58e	Solanum americanum	RefPlantNLR	He81d529717e9	0	assigned
RefPlantNLR|Rpi-amr1e-1123	32425996ae63defa76a422ba54db33ad9ac1645da3af6fa8e36292ca1492d58b	Solanum americanum	RefPlantNLR	He81d529717e9	0	assigned
RefPlantNLR|Rpi-amr1e-2271	2bb6407721f4b4ade3f29bf875670b4565d1a38588991dbaad3f46bf29eda8d8	Solanum americanum	RefPlantNLR	He81d529717e9	0	assigned
RefPlantNLR|Rpi-amr1e-2272	809945eb50c17e6220a15745c0bc281902dc5c235d33324f86326a795dcea1a3	Solanum americanum	RefPlantNLR	He81d529717e9	0	assigned
RefPlantNLR|Rpi-amr1e-2300	a39427a069086e138f2bb40793fdacd1e19e07ffafb7b379e0149d5b00b47a67	Solanum americanum	RefPlantNLR	He81d529717e9	0	assigned
RefPlantNLR|Rpi-amr1e-2307	27cee86cc857996f660a2bf377791e8e550127fe9620597a1d2f1329a4a1a065	Solanum americanum	RefPlantNLR	He81d529717e9	0	assigned
RefPlantNLR|Rpi-amr1e-3408	fa51fe74207eddaf95a53c2a740557f06f41e63581037ad0053828f1023214fa	Solanum americanum	RefPlantNLR	He81d529717e9	0	assigned
RefPlantNLR|Rpi-amr1e-3409	2b3e257a28d8038abdc7087a4c37aaf3197a33340f9a24366508467392a77140	Solanum nigrescens	RefPlantNLR	He81d529717e9	0	assigned
RefPlantNLR|Rpi-amr3	2b26ae18ca2fd7380295d84013e3130463b89717c2fc0374bf9f6af2de04c16c	Solanum americanum	RefPlantNLR	He81d529717e9	0	assigned
RefPlantNLR|Rpi-amr3-1032	39a8c97f51ce87f5193ccb75a70ae23524e3ece2a7f2462e4137e69baa78cec1	Solanum americanum	RefPlantNLR	He81d529717e9	0	assigned
RefPlantNLR|Rpi-amr3-1101	931fee67bb723d08526ce24db6de9c878ddb4926c3ff08bfeb8a3ebab7e22fc6	Solanum americanum	RefPlantNLR	He81d529717e9	0	assigned
RefPlantNLR|Rpi-amr3-2272	e0aa135dbe6416a14bd8a781a1fc453e6df6714dbd816ea148609f3a20fc80c9	Solanum americanum	RefPlantNLR	He81d529717e9	0	assigned
RefPlantNLR|Rpi-amr3-2300	961fdb1a40a0a8fea9958248cc9cda0ec5b9597bb3c0ce03d9f1ef421157c70c	Solanum americanum	RefPlantNLR	He81d529717e9	0	assigned
RefPlantNLR|Rpi-amr3-2307	08fd43ed00ec444eca012bf8d3e677a1d64e23e08ae9cb9925cf8d792d5e794e	Solanum americanum	RefPlantNLR	He81d529717e9	0	assigned
RefPlantNLR|Rpi-amr3-2360	6887bfe4908167521334ef2652d0f2fe42c2ce85769d8ec62e6ed33b5ca8e7c0	Solanum americanum	RefPlantNLR	He81d529717e9	0	assigned
RefPlantNLR|Rpi-amr3-3408	8e5949a2d3597101447dae1dfc4b316eddc5428ca84d774c6a9a10b80668153b	Solanum americanum	RefPlantNLR	He81d529717e9	0	assigned
RefPlantNLR|Rpi-amr3-3409	d6679c633ea07e1d436c53c3b0785f4465a79eb254b67b28157ebedefee5171d	Solanum americanum	RefPlantNLR	He81d529717e9	0	assigned
RefPlantNLR|Rpi-blb1	7ee276fb4f74308f32114872149f8fe9467e4cd06bf004fcc66c37995ee0b721	Solanum bulbocastanum	RefPlantNLR	He81d529717e9	0	assigned
RefPlantNLR|Rpi-blb2	3e22eefbfde746f38257de2cf65a08a955884f8b81bef7537dd208be63a2a9da	Solanum bulbocastanum	RefPlantNLR	He81d529717e9	0	assigned
RefPlantNLR|Rpi-blb3	b69975bf77b1649997a518f62810e6b30205c58c467da504420b0505d783d197	Solanum bulbocastanum	RefPlantNLR	He81d529717e9	0	assigned
RefPlantNLR|Rpi-bt1	ea76fa38a29113f1e1af4f9d809a4970fa7f6599215eb64b7cb9801654c46297	Solanum bulbocastanum	RefPlantNLR	He81d529717e9	0	assigned
RefPlantNLR|Rpi-chc1.1	c4436241107a570e45a64c90b939f864ce4534d94787adb9ff6053613230b7c5	Solanum chacoense	RefPlantNLR	He81d529717e9	0	assigned
RefPlantNLR|Rpi-edn1.1	50674a7cd6883b6b8d49154a7b0c950a93fc50f0cc4d776cc23ae24fdae20efe	Solanum x edinense	RefPlantNLR	He81d529717e9	0	assigned
RefPlantNLR|Rpi-edn2	4bd848663c6959c81a58d18b17e326618a12dfef7b0a3637ca50cdb7205c4189	Solanum x edinense	RefPlantNLR	He81d529717e9	0	assigned
RefPlantNLR|Rpi-hcb1.1	79f610c9b9a12a9e49721c87754a78145a387923fc2cf2b5a01c6c4c6447c102	Solanum huancabambense	RefPlantNLR	He81d529717e9	0	assigned
RefPlantNLR|Rpi-hcb1.2	9f556d3607985b7b3da12cdd4abd1e7ec47d2af488b440d19863281a44bdc258	Solanum huancabambense	RefPlantNLR	He81d529717e9	0	assigned
RefPlantNLR|Rpi-hjt1.1	4714f376300525495c38ec3dd48c84f32bc522c8a7c7a47589f22406bd458cda	Solanum hjertingii	RefPlantNLR	He81d529717e9	0	assigned
RefPlantNLR|Rpi-hjt1.2	c5b1eb1146253005d7ff3405f07db96a651aea5c31712cd1032f6b92e4772830	Solanum hjertingii	RefPlantNLR	He81d529717e9	0	assigned
RefPlantNLR|Rpi-hjt1.3	8e93db8c085fd8bf218f2aa9135e9a4527941a5f1029330b2440d3779991402f	Solanum hjertingii	RefPlantNLR	He81d529717e9	0	assigned
RefPlantNLR|Rpi-mcq1.1	8b5c35ee340da2536a9a01a1bbe02a2fa6e697ec75d79d271e6325219d5cb4c4	Solanum mochicense	RefPlantNLR	He81d529717e9	0	assigned
RefPlantNLR|Rpi-mcq1.2	1a1b38e26994fb685d81da4d48c2f3e9ee73633ab2ac022858c2116c7a48e8be	Solanum mochicense	RefPlantNLR	He81d529717e9	0	assigned
RefPlantNLR|Rpi-nig3-1084a	5295717e178dce952ccb7befaa1d2306f6b349db5c8efe0a095282924a97073d	Solanum nigrum	RefPlantNLR	He81d529717e9	0	assigned
RefPlantNLR|Rpi-nig3-1084b	54b56251fdd3b18cfc6869777aa3bfff153922b08552a4d3e4fae0ec9fd589f8	Solanum nigrum	RefPlantNLR	He81d529717e9	0	assigned
RefPlantNLR|Rpi-nig3-1088a	03c79aac0c6c83fa60502822cb2c09ce89e09691968d6b2d3320b6c244737ea8	Solanum nigrum	RefPlantNLR	He81d529717e9	0	assigned
RefPlantNLR|Rpi-nig3-1088b	a6821c543bea2bf744fdcfd08f818890ae77bcfc33a2ad7702a106ccff4df853	Solanum nigrum	RefPlantNLR	He81d529717e9	0	assigned
RefPlantNLR|Rpi-pta1	d31d51279a60dd8b6b676818725d68991c6ae7525a16498077ab2401e8660777	Solanum stoloniferum	RefPlantNLR	He81d529717e9	0	assigned
RefPlantNLR|Rpi-snk1.1	2ab118c538adf8b3fa972860e12bf46278fa151d0fcb6f7529417ff969380cf1	Solanum schenckii	RefPlantNLR	He81d529717e9	0	assigned
RefPlantNLR|Rpi-snk1.2	62fb6ba5bef40b5a50632462f1b5a8d0c301e43909441fec96ca57c7019cb600	Solanum schenckii	RefPlantNLR	He81d529717e9	0	assigned
RefPlantNLR|Rpi-sto1	e89cfcf85c13849751158cae714afba74bd2d0e25ed91b052c174440bb9a1a53	Solanum stoloniferum	RefPlantNLR	He81d529717e9	0	assigned
RefPlantNLR|Rpi-sto2	8dac0fb09bad134f8be974d39693cbff2fa406cc24c57353ecaa1bd49b1e0af7	Solanum stoloniferum	RefPlantNLR	He81d529717e9	0	assigned
RefPlantNLR|Rpi-vnt1.1	a983a7a33746ef7d88f7e5efdb896939d7e979851452712523eb28800369ecbf	Solanum venturii	RefPlantNLR	He81d529717e9	0	assigned
RefPlantNLR|Rpi-vnt1.2	a2073d71efa03f548f4fa7348822f674333083a197fc31c9799d1f8e30ce5d6d	Solanum venturii	RefPlantNLR	He81d529717e9	0	assigned
RefPlantNLR|Rpi-vnt1.3	b58c6c37896133db77af85a9940810e46ece9be683fe4fbf110fb07f064dd16e	Solanum venturii	RefPlantNLR	He81d529717e9	0	assigned
RefPlantNLR|RPM1	473bce718d8fc86bac70118306061433d4e0ff38c7c62c7ca04748174a3d7698	Arabidopsis thaliana	RefPlantNLR	He81d529717e9	0	assigned
RefPlantNLR|RPP1-EstA	621b3f2b491190338bdf5fbf55224207a51ca72b8bce4b5eb127aba017d13e8a	Arabidopsis thaliana	RefPlantNLR	He81d529717e9	0	assigned
RefPlantNLR|RPP1-NdA	7dd26e07a44500ff9c11d839c903e0be6315c50b83fb742e03eed6afdcca2705	Arabidopsis thaliana	RefPlantNLR	He81d529717e9	0	assigned
RefPlantNLR|Rpp1-R1	a8e4592668ee51e814ec4cf8f3b56ee29e9de50dd2794c3098896ec8b97987eb	Glycine max	RefPlantNLR	He81d529717e9	0	assigned
RefPlantNLR|Rpp1-R3	92aba7a899fb19cd3251e8b402f8eb7f3db010b6bdb925f80fae95ce3de1833b	Glycine max	RefPlantNLR	He81d529717e9	0	assigned
RefPlantNLR|Rpp1-R4	423bb391e5ecd89e2fde07b9725e2b8a80221ddf51f59cb2c14d0e7198dda487	Glycine max	RefPlantNLR	He81d529717e9	0	assigned
RefPlantNLR|Rpp1-R5	7769af6d799d6eba1f68f12121749387602fd33c064f3af68a55b6b4e1e248bf	Glycine max	RefPlantNLR	He81d529717e9	0	assigned
RefPlantNLR|RPP1-WsA	2e548874885a3a546b045d465959c418b471fc67b64d5a9b861277ac4869b39d	Arabidopsis thaliana	RefPlantNLR	He81d529717e9	0	assigned
RefPlantNLR|RPP1-WsB	4cdf662be7862724e4bba79195ad129ea1ab59da0bcf37b9d7c2cf1c45727003	Arabidopsis thaliana	RefPlantNLR	He81d529717e9	0	assigned
RefPlantNLR|RPP1-WsC	beec6ac0eccbe16864a2cc4db2f1a243c16a93e659a2b95fc4b6b9320a14b7b6	Arabidopsis thaliana	RefPlantNLR	He81d529717e9	0	assigned
RefPlantNLR|RPP1-ZdrA	a9d475a8018e45702cd70c025f8da77c72f382a84bbe92f5e9c71d0376716d5f	Arabidopsis thaliana	RefPlantNLR	He81d529717e9	0	assigned
RefPlantNLR|RPP2A	9c32754d8fccece1633b44681442d8daa19e316fb62329c0b37db06df6a087ad	Arabidopsis thaliana	RefPlantNLR	He81d529717e9	0	assigned
RefPlantNLR|RPP2B	d63ee110241c24fd24391b64e5b3673d18e5c74b5d66e1748a7b71ece787e386	Arabidopsis thaliana	RefPlantNLR	He81d529717e9	0	assigned
RefPlantNLR|RPP4	63286e7987a1555f74f5536df03e2bce62c5e64d74ed42561d1db01aac391556	Arabidopsis thaliana	RefPlantNLR	He81d529717e9	0	assigned
RefPlantNLR|Rpp4C4	efac6b86f899c4c0a53e438a76ff23e5111e796e6f05c2d8944dd7f209a21e63	Phaseolus vulgaris	RefPlantNLR	He81d529717e9	0	assigned
RefPlantNLR|RPP5	7ac087b106dacf91ac3da5cf3fd6b5d961a044ebcb68b73935917fe474f88223	Arabidopsis thaliana	RefPlantNLR	He81d529717e9	0	assigned
RefPlantNLR|RPP7	e1848c802b6fdeace6ad3af6a9918fd6773ae86703ceb24e06e75e9e661246ac	Arabidopsis thaliana	RefPlantNLR	He81d529717e9	0	assigned
RefPlantNLR|RPP7^Koch-1	0feab7bf7f92b0d5af1726e971eb30fe074657e0b43b13beb9d5c11fd2ccdb8c	Arabidopsis thaliana	RefPlantNLR	He81d529717e9	0	assigned
RefPlantNLR|RPP7^Krazo-2	d8c63f1a5668e97c060b45d14e0bd92af26ec79928712726b5d0380d224715a0	Arabidopsis thaliana	RefPlantNLR	He81d529717e9	0	assigned
RefPlantNLR|RPP7^Mrk-0	11fecc24ebb8e0db38471a6a004c2bd9fdd9bc580a64ab021ba061c79ff15a8d	Arabidopsis thaliana	RefPlantNLR	He81d529717e9	0	assigned
RefPlantNLR|RPP7b^Lerik1-3	1941b8a1fee4bd4f50cfbe7376d2a677df4497c9d57889a64a147c00223c9b68	Arabidopsis thaliana	RefPlantNLR	He81d529717e9	0	assigned
RefPlantNLR|RPP8	88bace70d03632a02703437339997ffdce7a4ad7ae36ce1ccccdc4074d7f8125	Arabidopsis thaliana	RefPlantNLR	He81d529717e9	0	assigned
RefPlantNLR|rpp8_sus	dc1b9cc4d76bf4be8eb56e9293acb1339d4415581978e89f8191510cd4ce05de	Arabidopsis thaliana	RefPlantNLR	He81d529717e9	0	assigned
RefPlantNLR|RPP13-Nd-1	5e0575940ddebf9d0242c35caab0009e681239b8659b70b8b454ce1349211a39	Arabidopsis thaliana	RefPlantNLR	He81d529717e9	0	assigned
RefPlantNLR|RPP13-Rld-2	1d52fb63c09e3a3333cdb1ba98a75e0d48b7878af40eccb7eb0eae3247289e2a	Arabidopsis thaliana	RefPlantNLR	He81d529717e9	0	assigned
RefPlantNLR|RPP13-UKID5	4fa2aa5a14e7535b8fb8cbd0289da6bb1bb53116bebb907ee5ed6841df7a4d88	Arabidopsis thaliana	RefPlantNLR	He81d529717e9	0	assigned
RefPlantNLR|RPP13-UKID34	5e0575940ddebf9d0242c35caab0009e681239b8659b70b8b454ce1349211a39	Arabidopsis thaliana	RefPlantNLR	He81d529717e9	0	assigned
RefPlantNLR|RPP13-UKID36	17e7af22e94144f6a9fd3cc0092c1a14536fee56826e629dd7a8b3572d2810de	Arabidopsis thaliana	RefPlantNLR	He81d529717e9	0	assigned
RefPlantNLR|RPP13-UKID80	17e7af22e94144f6a9fd3cc0092c1a14536fee56826e629dd7a8b3572d2810de	Arabidopsis thaliana	RefPlantNLR	He81d529717e9	0	assigned
RefPlantNLR|RPP28	8435547ce03900bb4c8a2a2b54c4bb77df8069b4214089e30a74c51b41019b49	Arabidopsis thaliana	RefPlantNLR	He81d529717e9	0	assigned
RefPlantNLR|RPP39	87eabfe9db37aadf0e6151d460f89f13dfe570a3aa71b0dd3968474de9354903	Arabidopsis thaliana	RefPlantNLR	He81d529717e9	0	assigned
RefPlantNLR|Rpr1	5da4b618edc188f19e6f7bac1bb57d434961c65a4e067bfd20e4795f99861ea8	Oryza sativa Japonica Group	RefPlantNLR	He81d529717e9	0	assigned
RefPlantNLR|Rps1-k-1	278c1a4f1e060a5f2b8d4d91e9ab40571f87b987101c7162352583f3e4bfed22	Glycine max	RefPlantNLR	He81d529717e9	0	assigned
RefPlantNLR|Rps1-k-2	cb37198e51aa96e18923de6dd67cea7179019e26566e13d1acdce493f3ea1c64	Glycine max	RefPlantNLR	He81d529717e9	0	assigned
RefPlantNLR|RPS2	674ad80efd74b52955e05aa1bcbce792c4fd73990227beb23979bd9c50f1a719	Arabidopsis thaliana	RefPlantNLR	He81d529717e9	0	assigned
RefPlantNLR|RPS4	fee0e10fa67d598870d6024d54e686a07eccd80613f55e98b40b550c86465586	Arabidopsis thaliana	RefPlantNLR	He81d529717e9	0	assigned
RefPlantNLR|RPS4^No-0	276bbf9952f4170816d2fc1fff1b06c2d1fd817c9b8fa65ec3dcbfe1821be533	Arabidopsis thaliana	RefPlantNLR	He81d529717e9	0	assigned
RefPlantNLR|RPS4B	510caf9c9bafa98f2e2809105db7bd06ae26fe10ba430e668c9cd7f92e8cdfa7	Arabidopsis thaliana	RefPlantNLR	He81d529717e9	0	assigned
RefPlantNLR|RPS4-Ws	c22804b2e2ac3a35889ac50fcb47d6a7472b0cb346b69d528588818c458e4b6c	Arabidopsis thaliana	RefPlantNLR	He81d529717e9	0	assigned
RefPlantNLR|RPS5	24c803ecbd86f1ca597b3fab012b9b0ad4c8e45f0bfe6731d4830c7632947f6a	Arabidopsis thaliana	RefPlantNLR	He81d529717e9	0	assigned
RefPlantNLR|RPS6	d08fd1ae2348fd523b53d0692808da63afba6db33626d52e911cc575e7004f93	Arabidopsis thaliana	RefPlantNLR	He81d529717e9	0	assigned
RefPlantNLR|RRS1B	a4fb883bb904969d57133b059048650d18ca135eaed4d12e09000ea089087e44	Arabidopsis thaliana	RefPlantNLR	He81d529717e9	0	assigned
RefPlantNLR|RRS1-R	6cb926d76a66e659042095bb853e58d42d8d9f1c1aa1e4990cf64df5db351ecb	Arabidopsis thaliana	RefPlantNLR	He81d529717e9	0	assigned
RefPlantNLR|RRS1-S	910c845a7fa70c0861f2b6dd0b82e89c8f82d4145926cf76842ee93f8cfb68fa	Arabidopsis thaliana	RefPlantNLR	He81d529717e9	0	assigned
RefPlantNLR|RRS1-Ws	80fec52ed8545aa269d57e3dae2c4a4c1252d6c7f462beaf99f493325d939d9d	Arabidopsis thaliana	RefPlantNLR	He81d529717e9	0	assigned
RefPlantNLR|RSG3-301	f71f1b7c79761dd95597c9412f7a7821a32991c8dcad04307d845f3568b166d2	Vigna unguiculata	RefPlantNLR	He81d529717e9	0	assigned
RefPlantNLR|Rsv3	b936675baeb261a7f5a586d4cd1f8b5dc9885a3a87262c8954aaac8d78313684	Glycine max	RefPlantNLR	He81d529717e9	0	assigned
RefPlantNLR|RT4-4	54ab3fb53b6a44cf3d06655d51abd7c2883a093a6d78c1d5d9a6b1249227439f	Phaseolus vulgaris	RefPlantNLR	He81d529717e9	0	assigned
RefPlantNLR|Rvi15	3670d4c4f7afa2d31f17cae7a21750918d54ef1db2e4f14656fb2c1c82a9020c	Malus domestica	RefPlantNLR	He81d529717e9	0	assigned
RefPlantNLR|Rx	5fe075088d0b3445c286c3a4023abb12872d37da040e2247a8341daba7f63310	Solanum tuberosum	RefPlantNLR	He81d529717e9	0	assigned
RefPlantNLR|Rx2	a6bec7df3df5680b3a2945096d201023d0f3aa8fc393398c31263657433ab953	Solanum acaule 	RefPlantNLR	He81d529717e9	0	assigned
RefPlantNLR|Rx4	352a0b6edbc170b903c90f4a06e54c8a3fc6b4d6d8f236023e6a0def5184ec8b	Solanum lycopersicum	RefPlantNLR	He81d529717e9	0	assigned
RefPlantNLR|RXL	9bdc5f27e0593073a6561913265cb113808f8e776392f6af51b864caf5f4f1e4	Triticum aestivum	RefPlantNLR	H2794f413ced2		quarantine: no standardized NB-ARC domain
RefPlantNLR|Rxo1	30593cc15e21d91af636dd9384ce73a0aa4cc4860b339eee21054983ba7b4c66	Zea mays	RefPlantNLR	He81d529717e9	0	assigned
RefPlantNLR|Ry_sto	fa5ea166eb95a84073724c47e16dc9b9d4ee909d1bf2b7fc890b47657d746687	Solanum stoloniferum	RefPlantNLR	He81d529717e9	0	assigned
RefPlantNLR|Rz2	17f306944afb9fa67121616e840f68039481cc180b1bfbfaf5449fe3bf89d6c2	Beta vulgaris subsp. maritima	RefPlantNLR	He81d529717e9	0	assigned
RefPlantNLR|SIKIC1	c23f50711c3cca7020ea5e4e9e157f785e5b8348e9a7180077cdd7f10309905f	Arabidopsis thaliana	RefPlantNLR	He81d529717e9	0	assigned
RefPlantNLR|SIKIC2	e9215d10c885a754497e306dcbd9d2ad34a41aba80e92902b9097de0bf5e2112	Arabidopsis thaliana	RefPlantNLR	He81d529717e9	0	assigned
RefPlantNLR|SIKIC3	9d1e0ae619b6a4a0875bd314fb0592329e17fdc9e9b37ade2b5b722e158b1aff	Arabidopsis thaliana	RefPlantNLR	He81d529717e9	0	assigned
RefPlantNLR|SLH1	6cb926d76a66e659042095bb853e58d42d8d9f1c1aa1e4990cf64df5db351ecb	Arabidopsis thaliana	RefPlantNLR	He81d529717e9	0	assigned
RefPlantNLR|SNC1	98edfa9c5a44e6a759a448c59be0142089c19d3cb4cb345e15944cdcd7e1206a	Arabidopsis thaliana	RefPlantNLR	He81d529717e9	0	assigned
RefPlantNLR|SOC3	5127195194d70f33afd8852963c6058efcdb0c0ed949a4e89447d5f158cf64da	Arabidopsis thaliana	RefPlantNLR	He81d529717e9	0	assigned
RefPlantNLR|SpNBS-LRR	edf1e1f82649d2cea959a1a2838ddc691af45cdd0a25c0aea1bad27e05d09d50	Solanum pimpinellifolium	RefPlantNLR	He81d529717e9	0	assigned
RefPlantNLR|Sr13a	b7922e9944dbcfb95a256a63a6bce4e57d5c5960121dc9e2eacd0cc4e5797b4a	Triticum turgidum subsp. durum	RefPlantNLR	He81d529717e9	0	assigned
RefPlantNLR|Sr13b	adea2b0e7203ffea76706b26c59ea881e647684567b65f5a185f9b66f926b665	Triticum turgidum subsp. durum	RefPlantNLR	He81d529717e9	0	assigned
RefPlantNLR|Sr13c	74a0b1fb39bf64b39bde20a40e1707f925b52a5b28c3e88cc7e56b162d528f42	Triticum turgidum subsp. durum	RefPlantNLR	He81d529717e9	0	assigned
RefPlantNLR|Sr13d	d604ef7d628bfdf2dfe6cc6c6951f45c37d0d8d9827cb82d068a6b201c13ff6f	Triticum turgidum subsp. durum	RefPlantNLR	He81d529717e9	0	assigned
RefPlantNLR|Sr21	489972a442260d335f2e92c33bb529d57601316c88776aacaf0994d9dbce8cbd	Triticum monococcum subsp. monococcum	RefPlantNLR	He81d529717e9	0	assigned
RefPlantNLR|Sr22	23b1526b7a0794780cb090779d171f911e8873bf61cb45f0ce6ceda68244172b	Triticum aestivum	RefPlantNLR	He81d529717e9	0	assigned
RefPlantNLR|Sr22-PI190945	8af137e3d0739b6993b0e193d5bbc6965ef51170418e81eb3e2d3156cc919cc7	Triticum monococcum subsp. monococcum	RefPlantNLR	He81d529717e9	0	assigned
RefPlantNLR|sr22-PI573523	e8ab0dfdf89c097e11559890f32fd3b7dec652033cd06d94f46a2487ffb305fd	Triticum monococcum subsp. monococcum	RefPlantNLR	He81d529717e9	0	assigned
RefPlantNLR|Sr26	9e1ad6d08c90e3be458041fc6326ccdef6417239d128f179f9b7cd42161076d6	Thinopyrum obtusiflorum	RefPlantNLR	He81d529717e9	0	assigned
RefPlantNLR|Sr33	a1785b650ed8492dbac6b926d79ec0ddf7b4ccc7f577df47d00112a5b0932df5	Aegilops tauschii	RefPlantNLR	He81d529717e9	0	assigned
RefPlantNLR|Sr35	aa96b401a58162ba8725aca2b88d0bee87824ff6052ad874c9a162a26caef67a	Triticum monococcum subsp. monococcum	RefPlantNLR	He81d529717e9	0	assigned
RefPlantNLR|Sr45	a313a899425149c86b71eb32a2c02a6efc4f8832066f29aa0bcd871499724d68	Triticum aestivum	RefPlantNLR	He81d529717e9	0	assigned
RefPlantNLR|Sr46	49982f9f1a70ba2b98d3d166bc1e147727706dd3907a044fa4661414107a7ac6	Aegilops tauschii subsp. strangulata	RefPlantNLR	He81d529717e9	0	assigned
RefPlantNLR|Sr50	f63e15123710ff2eeaa0574dc3ab158fa48b84bb6339258e45dcef527841057c	Secale cereale	RefPlantNLR	He81d529717e9	0	assigned
RefPlantNLR|Sr61	e25ce5a2f66e3d6057d958405244f11ec7f2b852edaaab27ad94b8643bb10eca	Thinopyrum obtusiflorum	RefPlantNLR	He81d529717e9	0	assigned
RefPlantNLR|SrTA1662	87a503c27fe9b11fddd583967e65939852a181ef83a904d8da173725c898e582	Aegilops tauschii subsp. strangulata	RefPlantNLR	He81d529717e9	0	assigned
RefPlantNLR|SrTm5	cc18b8fed26592b0212eb51644f37869af7ad60c11a224e9c720b96bac6405a0	Triticum monococcum subsp. monococcum	RefPlantNLR	He81d529717e9	0	assigned
RefPlantNLR|SSI4	a330faaaeed65fb711f89cf4fc774e268d86cf4bcfeef586eda0f6a906ac4fb5	Arabidopsis thaliana	RefPlantNLR	He81d529717e9	0	assigned
RefPlantNLR|StrPtr1	67a0b6badbc6f0ecde3444d1c3402b05e47248226972c82d9f01b0b12cba9222	Solanum tuberosum	RefPlantNLR	He81d529717e9	0	assigned
RefPlantNLR|SUMM2	8be9eb45c79b680b5b52761c72bd961b331007b52dc329bcf4304de956610654	Arabidopsis thaliana	RefPlantNLR	He81d529717e9	0	assigned
RefPlantNLR|SUT1	0ddbf8f7ab2a74cb87a4a8a20ffe3ae2287d07e7556fe394b9df9fe335f087e0	Arabidopsis thaliana	RefPlantNLR	He81d529717e9	0	assigned
RefPlantNLR|Sw5-b	d267f98800a8784ee1b8792b6501cab16d1dd2ac57aabe7181d56333e2445a06	Solanum lycopersicum 	RefPlantNLR	He81d529717e9	0	assigned
RefPlantNLR|Ta4ANPR1	8920cab3f6f7e83c184d2852da24c306167e2493d1d95c8ec1d2669e9be26a82	Triticum aestivum	RefPlantNLR	He81d529717e9	0	assigned
RefPlantNLR|Ta4ANPR1-RGA4	3653e99d9da5c9c62ff60962d3306074a3384b3f1ac0491403dfb7fdd356d16d	Triticum aestivum	RefPlantNLR	He81d529717e9	0	assigned
RefPlantNLR|Ta7ANPR1	32f1eeb789384dff158a7ece8256154761852009a24a47efb8d307bb658f665f	Triticum aestivum	RefPlantNLR	He81d529717e9	0	assigned
RefPlantNLR|Ta7ANPR1-RGA4	b2cdbee8670a0411c17c0c8d69a6fe46875a560ec4ba158811aa80b35d2372d1	Triticum aestivum	RefPlantNLR	He81d529717e9	0	assigned
RefPlantNLR|Ta7DNPR1	e6e87699c2c3ab1b59d42e17dabdd4ad9a8110d37947b6f4221b7944955fa751	Triticum aestivum	RefPlantNLR	He81d529717e9	0	assigned
RefPlantNLR|Ta7DNPR1-RGA4	e11c24cc772a498fd1adfc333535e85ed65d4439429f678be52c276ced6c0e77	Triticum aestivum	RefPlantNLR	He81d529717e9	0	assigned
RefPlantNLR|TAG24-Rgene	d8d219e2706264a0f07db609dcd15224d2f0fd613aa8e7f4416fae9efaa7b1b5	Arachis hypogaea	RefPlantNLR	He81d529717e9	0	assigned
RefPlantNLR|TAO1	183532510178a03621b4f88e8dc37d45b1709c76ec77bf65f54d3d8e0121f7ff	Arabidopsis thaliana	RefPlantNLR	He81d529717e9	0	assigned
RefPlantNLR|TaRCR1	1666b4a5b51b94fe30fdaf2df93dd9b5d9fb4652f694c1edcf27b0a232728095	Triticum aestivum	RefPlantNLR	He81d529717e9	0	assigned
RefPlantNLR|TaRPP13-3	df63cd9af0e1f75ae23278026d49b142d2872effa5fc527ea991eeb0825a064d	Triticum aestivum	RefPlantNLR	He81d529717e9	0	assigned
RefPlantNLR|Tm2	5bb0960dd8ab6b50e19a614c34aad915d80bbca9b1f36d879e73ce49ec079e43	Solanum lycopersicum	RefPlantNLR	He81d529717e9	0	assigned
RefPlantNLR|tm2_sus	a9504af6b9faa74ba4a01fa8f1ea1abdc9daae20eda4509a58e9d421c5bd9133	Solanum lycopersicum	RefPlantNLR	He81d529717e9	0	assigned
RefPlantNLR|Tm2^2	a826930aae2305d71a45adabbdaaaa03414d3e57c48fed7cb3e6fc5eb333a326	Solanum lycopersicum	RefPlantNLR	He81d529717e9	0	assigned
RefPlantNLR|Tm2-nv	1e8fee03213474a9a064e60284a4e0afc3e835edfe35415b0d526f21ccaff829	Solanum lycopersicum	RefPlantNLR	He81d529717e9	0	assigned
RefPlantNLR|TmMLA1	73e0b586edda2ac4058b0ea1f3781698a8b0e682cff6c423328cb86ccf643cab	Triticum monococcum subsp. monococcum	RefPlantNLR	He81d529717e9	0	assigned
RefPlantNLR|TmPm3	cf2b1e39c32893d9df601c401cd4e0fb64e783722b06782d77a5c2e7c7a5764c	Triticum monococcum subsp. monococcum	RefPlantNLR	He81d529717e9	0	assigned
RefPlantNLR|TN2	9438eb271a4a4f008aeec1bf547cfae01266d1259164e3ec1af09bf6db162a8a	Arabidopsis thaliana	RefPlantNLR	He81d529717e9	0	assigned
RefPlantNLR|TN13	88fdb4b93d3d22a4dc53559843fd0ba5bbc1d4473eb5b52bb4bdc56f8d57b82f	Arabidopsis thaliana	RefPlantNLR	He81d529717e9	0	assigned
RefPlantNLR|TNL2-PN40024	d0c66f7eb28ac0dd41afc283206bac36943d0c091dfab34538a10d5f568b28b0	Vitis vinifera	RefPlantNLR	He81d529717e9	0	assigned
RefPlantNLR|Tsn1	79d0840bb4cc06c14a883fc31deb35d27b3bbf658a40b6287a2641b2195ff8cf	Triticum aestivum	RefPlantNLR	He81d529717e9	0	assigned
RefPlantNLR|Tsw	af12aa874d1d0182b931556ecc964a1add1493dd931946806136e3dcb45a881f	Capsicum chinense	RefPlantNLR	He81d529717e9	0	assigned
RefPlantNLR|TuNI	478e001a0fc8dce3c41e44a3d7d7c8207e495aafb9304f694e6cb106bbc23f90	Arabidopsis thaliana	RefPlantNLR	He81d529717e9	0	assigned
RefPlantNLR|Ty-2	0a7d9d63d96ed809f8a93c44990d271748de5f394fd8ba865f39cf72f0baf66c	Solanum habrochaites	RefPlantNLR	He81d529717e9	0	assigned
RefPlantNLR|UNI	90cbe906b0122c84f44e6a42a5f5041f0f1579f22a9f4c633c877532a886bbd0	Arabidopsis thaliana	RefPlantNLR	He81d529717e9	0	assigned
RefPlantNLR|Vat	864af7a0a668da3e07ef593830548068acea4bbcaeac5daafff7c0c2342cc6a4	Cucumis melo	RefPlantNLR	He81d529717e9	0	assigned
RefPlantNLR|VG9514-Rgene	78387c9b506cd61cb74ab311bb2fb1295c6d3e66ae212b72fe42ab7aa22afaa1	Arachis hypogaea	RefPlantNLR	He81d529717e9	0	assigned
RefPlantNLR|VICTR	061f216b402e8d0543134c244b1b9ca4e9a068ba1df865aef8c4588a8a0023ff	Arabidopsis thaliana	RefPlantNLR	He81d529717e9	0	assigned
RefPlantNLR|Wed	51e32eb1dacb4e1d4bb0190181f8fbd44c1b7e60be43f2c97cd3592f282f37e9	Oryza sativa Japonica Group	RefPlantNLR	H0b9ebf7a3112	4	assigned
RefPlantNLR|WRKY19	777bb5dfb4a9f31f0778357e80d0ab58b9f87fecbeb39a37885c0616aebadf78	Arabidopsis thaliana	RefPlantNLR	He81d529717e9	0	assigned
RefPlantNLR|WRR4A^Col-0	84b0f4513124634fe5e948db73c6d9b8fc69955aeb9a494b0cbe36f06ff142e2	Arabidopsis thaliana	RefPlantNLR	He81d529717e9	0	assigned
RefPlantNLR|WRR4A^HR-5	c825095d715d8a343b69b2d12064f2b556eca5981bb77aff2254cf4f233f17df	Arabidopsis thaliana	RefPlantNLR	He81d529717e9	0	assigned
RefPlantNLR|WRR4A^Oy-0	4e89ac8fba2570c2704d44e833dcb4a2bdcf2d9c46792910da93bd8a7c22ccfc	Arabidopsis thaliana	RefPlantNLR	He81d529717e9	0	assigned
RefPlantNLR|WRR4B^Col-0	7edc73d351f59d611e1d3f906458fadebb01c1bbc6af9c0325331b4259625f76	Arabidopsis thaliana	RefPlantNLR	He81d529717e9	0	assigned
RefPlantNLR|WRR4B^Ws-2	7e875cceacec7aed9940171a599872c3d7abd32eb6a7fc08779c44dafb1c2b10	Arabidopsis thaliana	RefPlantNLR	He81d529717e9	0	assigned
RefPlantNLR|WRR8^Sf-2	9488f50b6a37a5a601e8ee086ad33eafcfb233abc9e43d2ae29d56a8abf06945	Arabidopsis thaliana	RefPlantNLR	He81d529717e9	0	assigned
RefPlantNLR|WRR9^Hi-0	b290fa84e9a9c656a0283defc3b636457d870df0e067e07d653a7863f0914fdb	Arabidopsis thaliana	RefPlantNLR	He81d529717e9	0	assigned
RefPlantNLR|WRR12^Ler-0	e95b816f9bb5d6dc1d3e2dba192330723b9ba58ea833fc75bff3afd9f6c11987	Arabidopsis thaliana	RefPlantNLR	He81d529717e9	0	assigned
RefPlantNLR|Xa1	a05bab6b6df796e18f04070625ad287935813e631c0585bb8668cfcc98153092	Oryza sativa Indica Group	RefPlantNLR	He81d529717e9	0	assigned
RefPlantNLR|Xo1	ba95264b9231987e604616c043f130966431e596af11aa8bda28744227beb361	Oryza sativa Aromatic Group	RefPlantNLR	He81d529717e9	0	assigned
RefPlantNLR|Y-1	f76af2a191e8eae452f4afbe6e1a286e6b66ac406f523d65e0b0a10ab8490cb7	Solanum tuberosum subsp. andigenum	RefPlantNLR	He81d529717e9	0	assigned
RefPlantNLR|Yr5	d692155ca5a3b458c4863492f961393ee842b4401e519acecc3a34ecb4982d8b	Triticum aestivum	RefPlantNLR	He81d529717e9	0	assigned
RefPlantNLR|Yr7	916db0d7b474cfa14239afe50ab56f1d67ac643912b0aff1aa4bf40db2c6c174	Triticum aestivum	RefPlantNLR	He81d529717e9	0	assigned
RefPlantNLR|Yr-10	e09b054f21bd60c1aa89b8aa45c502ad19a21d126ca216494214a932103c5be5	Triticum aestivum	RefPlantNLR	He81d529717e9	0	assigned
RefPlantNLR|YrAS2388R	5396eec3e255dd392889719198ef5215d1318a7c8b85f9b268cfb6d850cced63	Aegilops tauschii	RefPlantNLR	He81d529717e9	0	assigned
RefPlantNLR|YrSP	78fb40560fdcb2c9a1dd3db1f9396cb5b7480b2b5139ca1d9b4d26c3582524e8	Triticum aestivum	RefPlantNLR	He81d529717e9	0	assigned
RefPlantNLR|YrU1	4c50a59ca6183f57331fe149fd8b5ad020124be1ca2e756fe47f656a87265a1d	Triticum urartu	RefPlantNLR	He81d529717e9	0	assigned
RefPlantNLR|YrU1-RGA4	67a4a40baaa5136c8e92c9825cf3fe027c2a1909005e253309c7c51b6b0fa070	Triticum urartu	RefPlantNLR	He81d529717e9	0	assigned
RefPlantNLR|ZAR1	1fcc012dcd1f195242cc47a4b1160486f7408ccea10801faf6d35e031a647f4a	Arabidopsis thaliana	RefPlantNLR	He81d529717e9	0	assigned
Reference|Sr6	3b85f9a38bd8746df27fce69fe39875f5c7566a8e55fd28157286f334684c58d	Triticum aestivum	Reference	He81d529717e9	0	assigned
MorexV3|HORVU.MOREX.r3.6HG0634140.1	781b011e6003effaea80918119afd1f77f55acd186375d08a2f5a0db4ea77b57	Hordeum vulgare	MorexV3	He81d529717e9	0	assigned
MorexV3|HORVU.MOREX.r3.7HG0749550.1	f8cdd458b5292cbf48b63182ab10c77163d64e6f1687ade551e7997b84a274e9	Hordeum vulgare	MorexV3	He81d529717e9	0	assigned
MorexV3|HORVU.MOREX.r3.5HG0439860.1	8a2ef46da2962e77a59de8402095b6f717ef1d920e35922dbb35456315441cbc	Hordeum vulgare	MorexV3	He81d529717e9	0	assigned
MorexV3|HORVU.MOREX.r3.3HG0327080.1	95b1eab436406d3befbe34b58e0472436f1dd54c53fa305a84dc9d2a0f6498f8	Hordeum vulgare	MorexV3	He81d529717e9	0	assigned
MorexV3|HORVU.MOREX.r3.1HG0076190.1	9b7c3c48e00262fef736d199757a9ff053c95ef8e14cc1a25c99cfb69cdb2c00	Hordeum vulgare	MorexV3	He81d529717e9	0	assigned
MorexV3|HORVU.MOREX.r3.7HG0650880.1	010aa14b30a277c02ba9e96d00b9c320211a10082f373d350f905bb42e7b7817	Hordeum vulgare	MorexV3	He81d529717e9	0	assigned
MorexV3|HORVU.MOREX.r3.1HG0003210.1	d03cb0e98983baa141797024360846f1e1367a596a6ed7e5ac2174edd1ce61ec	Hordeum vulgare	MorexV3	He81d529717e9	0	assigned
MorexV3|HORVU.MOREX.r3.3HG0327120.1	61ff40c11408840caf329789df74190123feb808a7475df14311a109a5b9bd45	Hordeum vulgare	MorexV3	He81d529717e9	0	assigned
MorexV3|HORVU.MOREX.r3.7HG0749630.1	a99ffbc215e9e0ff45d01d20990abfa3eb33768938b840cafcae73a4f7aa95ff	Hordeum vulgare	MorexV3	He81d529717e9	0	assigned
MorexV3|HORVU.MOREX.r3.7HG0685700.1	7b33d6c2655190c36ecd5471c6760f4b44dc5072495ae4ba38806fbe29c687d4	Hordeum vulgare	MorexV3	He81d529717e9	0	assigned
MorexV3|HORVU.MOREX.r3.7HG0650850.1	d3f945bc38b4aafa0fba17dc85e304688b35cf7851415b6906faa5ff99406d1f	Hordeum vulgare	MorexV3	He81d529717e9	0	assigned
MorexV3|HORVU.MOREX.r3.2HG0101580.1	55f429dc04c84441e8b37817f8e8eedd60bbb6d49c7401992d655520651df78e	Hordeum vulgare	MorexV3	He81d529717e9	0	assigned
MorexV3|HORVU.MOREX.r3.2HG0116820.1	34b832d61d4604620e86ac5f20d83435ba5915f3696d577b32ef964fb440df9b	Hordeum vulgare	MorexV3	He81d529717e9	0	assigned
MorexV3|HORVU.MOREX.r3.2HG0101600.1	0151cfbcc852198b32f25c723566760aef9fe3849331e9f1d3c0eda23be35075	Hordeum vulgare	MorexV3	He81d529717e9	0	assigned
MorexV3|HORVU.MOREX.r3.6HG0632530.1	ffc495521783f15c85f4ecc4c844a5ec418b433a66bc228ba9423b109c1b0f1d	Hordeum vulgare	MorexV3	He81d529717e9	0	assigned
MorexV3|HORVU.MOREX.r3.5HG0490310.1	62bea53691dd64eb966bb905cdbcadd2c5f7dfbc231c9ae34a6910df74b31765	Hordeum vulgare	MorexV3	He81d529717e9	0	assigned
MorexV3|HORVU.MOREX.r3.5HG0479430.1	baddd7c96313829a8e93080fd18afbd68723dedf98bd5304067893ac2b67b1a7	Hordeum vulgare	MorexV3	He81d529717e9	0	assigned
MorexV3|HORVU.MOREX.r3.2HG0189970.1	60012e1592627901031410e98c3e9c995f4bf37b399a6adbb688b5abb45a6b60	Hordeum vulgare	MorexV3	He81d529717e9	0	assigned
MorexV3|HORVU.MOREX.r3.7HG0728250.1	ecb7963f2a12daf7dd437d3cb739cc6c1662b9a9cd25a799c7231208d1568ecd	Hordeum vulgare	MorexV3	He81d529717e9	0	assigned
MorexV3|HORVU.MOREX.r3.7HG0639690.1.CDS1	473991458dc2a9138bbfa4806135ab6c4f4bd475302362ecd9481895febbd9b2	Hordeum vulgare	MorexV3	He81d529717e9	0	assigned
MorexV3|HORVU.MOREX.r3.7HG0640630.1.CDS1	dde13d7fe1beefdfd6d59e24f1574f7829ca5b0f10beff5ff11db4ea18522bef	Hordeum vulgare	MorexV3	He81d529717e9	0	assigned
MorexV3|HORVU.MOREX.r3.7HG0640700.1.CDS1	353df72c040c4683457a8cd3e52605896d5ed2d6062d8519867b6267b8bb2d63	Hordeum vulgare	MorexV3	He81d529717e9	0	assigned
MorexV3|HORVU.MOREX.r3.7HG0634430.1	d5d5f9f43a7f9496cec318e373fd8c2d8b97ae266a9f20cd3f02847b47788989	Hordeum vulgare	MorexV3	He81d529717e9	0	assigned
MorexV3|HORVU.MOREX.r3.7HG0634540.1	b3d9ab73f935932332bd8fbf166e5af2169228ac4a2438afd9c304c5a517a9e6	Hordeum vulgare	MorexV3	He81d529717e9	0	assigned
MorexV3|HORVU.MOREX.r3.1HG0093130.1.CDS1	0d0dc161ebfecda24b0ace382ee757e562da7a2802b6dee90867773449b3da09	Hordeum vulgare	MorexV3	He81d529717e9	0	assigned
MorexV3|HORVU.MOREX.r3.1HG0093120.1.CDS1	2bdc3702f8b5d2f89ed6caa41a1b5532a2a8273f324d227bb0ff2d9835052f78	Hordeum vulgare	MorexV3	He81d529717e9	0	assigned
MorexV3|HORVU.MOREX.r3.2HG0097510.1.CDS1	cad9fb60bab96b925115a01ea27b4346b2a8d998c22216a40fbfe86f0c75169e	Hordeum vulgare	MorexV3	He81d529717e9	0	assigned
MorexV3|HORVU.MOREX.r3.7HG0640660.1.CDS1	b33bc9753fe46a6b526038ceb4e945aac08537b22cb27d96af37c46808fe1b67	Hordeum vulgare	MorexV3	He81d529717e9	0	assigned
MorexV3|HORVU.MOREX.r3.5HG0423930.1	5a62ae56d8bfced20b7281afcb286fff6c7ca8358fe6d0984252c4f154a6118b	Hordeum vulgare	MorexV3	He81d529717e9	0	assigned
MorexV3|HORVU.MOREX.r3.1HG0022330.1.CDS1	7a318ec880c5d0432906193ab3a0fff7841ad4e9cb87030965dbfec54c7b20f4	Hordeum vulgare	MorexV3	He81d529717e9	0	assigned
MorexV3|HORVU.MOREX.r3.1HG0002950.1.CDS1	59bdb8cae19153912324e94115bddc382d28c8f277f23b368b8f52f17a40c2c1	Hordeum vulgare	MorexV3	He81d529717e9	0	assigned
MorexV3|HORVU.MOREX.r3.1HG0003010.1.CDS1	59bdb8cae19153912324e94115bddc382d28c8f277f23b368b8f52f17a40c2c1	Hordeum vulgare	MorexV3	He81d529717e9	0	assigned
MorexV3|HORVU.MOREX.r3.1HG0003260.1	5ea3882d5c7245bf9cb9574f60f9396fea62f37829bf63d77f1fa4401b458db6	Hordeum vulgare	MorexV3	He81d529717e9	0	assigned
MorexV3|HORVU.MOREX.r3.7HG0640550.1	3c265431c4ddd164c139fee7a2736203244d147df1952f2b2f6788200c4a4363	Hordeum vulgare	MorexV3	He81d529717e9	0	assigned
MorexV3|HORVU.MOREX.r3.4HG0407780.1	8fe739e03b70f9120a0fe16eef644d27b5a38a698e980f88fa19b7f7f7680f57	Hordeum vulgare	MorexV3	He81d529717e9	0	assigned
MorexV3|HORVU.MOREX.r3.1HG0001510.1.CDS1	c1c5d44144b9cdcd40ec480354e6fb4c9d7987ab5a995cd1b13fafa85a71c01d	Hordeum vulgare	MorexV3	He81d529717e9	0	assigned
MorexV3|HORVU.MOREX.r3.2HG0097560.1.CDS1	768d6539c02554d6d4f1909667915339d3079b2d51c9a1efcc160a56bdeea2d1	Hordeum vulgare	MorexV3	He81d529717e9	0	assigned
MorexV3|HORVU.MOREX.r3.4HG0344950.1	06a6d4c8f48876a89ca2d0c1fdec8844bae893d48fcc48787f51378065a89eb4	Hordeum vulgare	MorexV3	He81d529717e9	0	assigned
MorexV3|HORVU.MOREX.r3.5HG0496180.1.CDS1	4ca95068494a1c6ab8b368e5da1a2dad11d1b76ac609edf0ee6529b31f821652	Hordeum vulgare	MorexV3	He81d529717e9	0	assigned
MorexV3|HORVU.MOREX.r3.3HG0322610.1.CDS1	280fc83bb4efa975d184b65a699199fb0ddcbbf7e73aea079b4cc2a24bb03255	Hordeum vulgare	MorexV3	He81d529717e9	0	assigned
MorexV3|HORVU.MOREX.r3.6HG0558250.1.CDS1	fefddd8cb307aa8c8013de5f8cbdf924aa56aafea2b18cc88cc98e65ad2e7f66	Hordeum vulgare	MorexV3	He81d529717e9	0	assigned
MorexV3|HORVU.MOREX.r3.7HG0735600.1	911e469ce41dfcba46407a70a90a151627cd586f90c91482e9e85aede9717de6	Hordeum vulgare	MorexV3	He81d529717e9	0	assigned
MorexV3|HORVU.MOREX.r3.7HG0634520.1	a19c73a1d2454f3cf36647d97ef9c44a404faf67ca3ebb3b726ed3c81a313e05	Hordeum vulgare	MorexV3	He81d529717e9	0	assigned
MorexV3|HORVU.MOREX.r3.7HG0748190.1	7d2c373e5f59886cd895729b8a93d6ec8dbcfdb8f83bed689a2e7812007201b8	Hordeum vulgare	MorexV3	He81d529717e9	0	assigned
MorexV3|HORVU.MOREX.r3.7HG0731600.1.CDS1	18b67b654b6ae938a13a2c4a824a3cfa4dfeee1482db2a59d572e7fdc503ec6c	Hordeum vulgare	MorexV3	He81d529717e9	0	assigned
MorexV3|HORVU.MOREX.r3.1HG0006420.1.CDS1	16377e51a047d7cb464c8f8ff84e4bbfa94efbeeaba74a293ed928fd1e97be19	Hordeum vulgare	MorexV3	He81d529717e9	0	assigned
MorexV3|HORVU.MOREX.r3.3HG0326090.1	b15d00904adccbf139832da0095f4ee3c023b520762ac350e57c38abdf1a9565	Hordeum vulgare	MorexV3	He81d529717e9	0	assigned
MorexV3|HORVU.MOREX.r3.3HG0295670.1.CDS1	ebfe88411dbe38e51d4403a1423f3ec0a2b63eaf4671410ecebd68e736228892	Hordeum vulgare	MorexV3	He81d529717e9	0	assigned
MorexV3|HORVU.MOREX.r3.1HG0090290.1	7b3aa9193777cdb2b4abc46a740140224c3f7c52310e6473ff296f6e8cfc6ff6	Hordeum vulgare	MorexV3	He81d529717e9	0	assigned
MorexV3|HORVU.MOREX.r3.2HG0181540.1	bc9da14ecbc13eb30ad6212aefcb9857063126558246884f68a356889f684217	Hordeum vulgare	MorexV3	He81d529717e9	0	assigned
MorexV3|HORVU.MOREX.r3.5HG0424980.1	0bfca0908c65979ab559c88c8565d29f6e9d056d924a85edc164afcd332c94eb	Hordeum vulgare	MorexV3	He81d529717e9	0	assigned
MorexV3|HORVU.MOREX.r3.7HG0655480.1.CDS1	8a384cb8f53f4e23d7e6263f0f96a948a74f5804018b35c2e3c2a1b69488b067	Hordeum vulgare	MorexV3	He81d529717e9	0	assigned
MorexV3|HORVU.MOREX.r3.7HG0647490.1.CDS1	a6a43bfd7fbf387ebc696a4a929822b85188c3f5dec716543d4fd3ce71233ec9	Hordeum vulgare	MorexV3	He81d529717e9	0	assigned
MorexV3|HORVU.MOREX.r3.7HG0752370.1	b29079904ebab3652a21b73e64409bcb30c375f3a71afc983f3bd595dfaa17b5	Hordeum vulgare	MorexV3	He81d529717e9	0	assigned
MorexV3|HORVU.MOREX.r3.3HG0294430.1.CDS1	0c3cceeef32bc32b2219964691163f3f5fc8f578ac569dfd3708728ce976940f	Hordeum vulgare	MorexV3	He81d529717e9	0	assigned
MorexV3|HORVU.MOREX.r3.7HG0639110.1	6ba6b95d6e635a177ce153f372daf35df1c7e4f8b829220b1b7969d556ef4520	Hordeum vulgare	MorexV3	He81d529717e9	0	assigned
MorexV3|HORVU.MOREX.r3.3HG0234700.1	c53394064f1dd9f07400acc3a739d619c641b2379f92834d774e3166d65f8e24	Hordeum vulgare	MorexV3	He81d529717e9	0	assigned
MorexV3|HORVU.MOREX.r3.3HG0222080.1.CDS1	80072e9275cd8467fa0e74fd3af41f2e0ca8d0fc788e1f6f3ac17350c3fd280b	Hordeum vulgare	MorexV3	He81d529717e9	0	assigned
MorexV3|HORVU.MOREX.r3.1HG0090200.1	de9274cc52ec7ef6b0f5c098ee0cd4853dce98ab233432fc67927341ba44628e	Hordeum vulgare	MorexV3	He81d529717e9	0	assigned
MorexV3|HORVU.MOREX.r3.1HG0000990.1	b6ff0065fa8acd3ee75e9acdaefcbbd42d47465bbb960277842b2c3c39212e6c	Hordeum vulgare	MorexV3	He81d529717e9	0	assigned
MorexV3|HORVU.MOREX.r3.6HG0547100.1	29ae1a35fcad8a29dc547418e9a0171dab5d3dbb492e300a5cda76426bbf084e	Hordeum vulgare	MorexV3	He81d529717e9	0	assigned
MorexV3|HORVU.MOREX.r3.7HG0748130.1	7427c4d0dcb82eb643335dcf9c6c02e3734fa24ba21fc34aa4ed9f09dbf730e1	Hordeum vulgare	MorexV3	He81d529717e9	0	assigned
MorexV3|HORVU.MOREX.r3.1HG0069630.1.CDS1	8dee04a6080e05f6e82005ac86c08c242354e670af7bce9cd7d6c4d6a1d174af	Hordeum vulgare	MorexV3	He81d529717e9	0	assigned
MorexV3|HORVU.MOREX.r3.6HG0634000.1	cd67415c47b9641f01be4cb724a4b8283a6fade607736dfe79669a9652b53b6c	Hordeum vulgare	MorexV3	He81d529717e9	0	assigned
MorexV3|HORVU.MOREX.r3.7HG0752390.1	4d7ed445a1b290f16655dda2d30116e27cb8d3b0a1222d36cd9fa4af722696f1	Hordeum vulgare	MorexV3	He81d529717e9	0	assigned
MorexV3|HORVU.MOREX.r3.3HG0318450.1	6907ed82631ebb4a5b5b7cebaf638c1fae8c1f29965c5386c483e050a4ef85ef	Hordeum vulgare	MorexV3	He81d529717e9	0	assigned
MorexV3|HORVU.MOREX.r3.1HG0002960.1	ab578de400871c101f7051446118894d7f6e1b5b072bfcd21c8448f3ddc41992	Hordeum vulgare	MorexV3	He81d529717e9	0	assigned
MorexV3|HORVU.MOREX.r3.6HG0614720.1	6653ef4b295a5756d79eaa9bcb779672b7eb9b4b5b82684005712bb8e4364a12	Hordeum vulgare	MorexV3	He81d529717e9	0	assigned
MorexV3|HORVU.MOREX.r3.3HG0318230.1	261a9a2a05214945e93744d047f1212788b115e16da09bd5691557f4bfd1da30	Hordeum vulgare	MorexV3	He81d529717e9	0	assigned
MorexV3|HORVU.MOREX.r3.1HG0004340.1	fce8bb18ef3d0fbd4d9c0db76d7752e9fb7a48e73a88b68514af701ee0c806bd	Hordeum vulgare	MorexV3	He81d529717e9	0	assigned
MorexV3|HORVU.MOREX.r3.2HG0099140.1	a332fd81a1b0fa6385aa1925c975f1dce9036400aa2409ee087a9b669478c665	Hordeum vulgare	MorexV3	He81d529717e9	0	assigned
MorexV3|HORVU.MOREX.r3.5HG0475900.2.CDS2	6a5ee183f9c1fcb6f924afa250dd5419bece90a8fc76ccbdc53c5668f61c3842	Hordeum vulgare	MorexV3	He81d529717e9	0	assigned
MorexV3|HORVU.MOREX.r3.6HG0546930.1	8ff017ecff4b7aec1ec990c2403bf7a01bebe35775d93b8473e84cb8235367c9	Hordeum vulgare	MorexV3	He81d529717e9	0	assigned
MorexV3|HORVU.MOREX.r3.2HG0195070.1	1542a3c36c267643b967b2f1e89fa80ad58a99f61a2d2204a2357e468f6d7e59	Hordeum vulgare	MorexV3	He81d529717e9	0	assigned
MorexV3|HORVU.MOREX.r3.1HG0004300.1	c9a0f530db57d1084dd630dd71a2e507626ba382ebafb96a2bcfdb2b945109fc	Hordeum vulgare	MorexV3	He81d529717e9	0	assigned
MorexV3|HORVU.MOREX.r3.5HG0443300.1	5390eeb148bfdc48d10252881d738722a26ec2782b11862c35fc3c599ef96076	Hordeum vulgare	MorexV3	He81d529717e9	0	assigned
MorexV3|HORVU.MOREX.r3.1HG0001910.1.CDS1	072f8b40c5dc406fa3dbdfc872497511d7b62e2769642ba57941fc6a052fdf39	Hordeum vulgare	MorexV3	He81d529717e9	0	assigned
MorexV3|HORVU.MOREX.r3.1HG0004370.1	cffb536cb88afcc6b5bad1ad9867e956ce08d1c530310ac1b07ce039bcdcfc30	Hordeum vulgare	MorexV3	He81d529717e9	0	assigned
MorexV3|HORVU.MOREX.r3.1HG0004450.1	cffb536cb88afcc6b5bad1ad9867e956ce08d1c530310ac1b07ce039bcdcfc30	Hordeum vulgare	MorexV3	He81d529717e9	0	assigned
MorexV3|HORVU.MOREX.r3.3HG0229880.1.CDS1	b979c1925ad56f01621933a8d9bc3c8f4aac90ed79888ddb8ed6305b7d106cd3	Hordeum vulgare	MorexV3	He81d529717e9	0	assigned
MorexV3|HORVU.MOREX.r3.2HG0132990.1.CDS1	be8e5f1158780d8dd1b2411fdda0eee5d9fce27dee1bb79b1eff76bf8ab6b37e	Hordeum vulgare	MorexV3	He81d529717e9	0	assigned
MorexV3|HORVU.MOREX.r3.7HG0652950.1	213841aa8bc66989dd214f09930b2a2117736ea9bbda24d8edc9339f02f0ef60	Hordeum vulgare	MorexV3	He81d529717e9	0	assigned
MorexV3|HORVU.MOREX.r3.3HG0229810.1.CDS1	712111364cc559e6099504b18dd9e65c406fd7d214a7fc1cab27d12656bdbf47	Hordeum vulgare	MorexV3	He81d529717e9	0	assigned
MorexV3|HORVU.MOREX.r3.7HG0751060.1	7db074c1a1d210f4f3696637324f642d2db3b2ff6b9294d07f72b0e3d456206d	Hordeum vulgare	MorexV3	He81d529717e9	0	assigned
MorexV3|HORVU.MOREX.r3.2HG0100630.1.CDS1	51a1824a11186677f9e3e7eeee138268460ac93edc40a42f5e101487d0de1c7a	Hordeum vulgare	MorexV3	He81d529717e9	0	assigned
MorexV3|HORVU.MOREX.r3.3HG0219860.1.CDS1	2d442d1a88bba957a249f9ad6f3083afb87a0cb14511c94186f3ec325cfdd3a2	Hordeum vulgare	MorexV3	He81d529717e9	0	assigned
MorexV3|HORVU.MOREX.r3.2HG0199120.1.CDS1	59d987b5d42011cbb243d73bc526371bf0c7f0bbce037b8280945bfd0c008412	Hordeum vulgare	MorexV3	He81d529717e9	0	assigned
MorexV3|HORVU.MOREX.r3.3HG0229980.1	e68930623ccde588f60f02ce11722a5467709b05e98167b9b656144422567c93	Hordeum vulgare	MorexV3	He81d529717e9	0	assigned
MorexV3|HORVU.MOREX.r3.6HG0547240.1	2f6abfb2342ba281d93e2e2bf84ece1c77523d0341debbe75b672a8239c9def7	Hordeum vulgare	MorexV3	He81d529717e9	0	assigned
MorexV3|HORVU.MOREX.r3.6HG0547160.1	bb9689e6f869faa7578e6fb11b9876ab5a23001013b3091e4adea999085c8d6e	Hordeum vulgare	MorexV3	He81d529717e9	0	assigned
MorexV3|HORVU.MOREX.r3.5HG0526460.1	73a9c05bdfd66f4615f046e14159f43d51e6e75964e782804ab24d8ceff93380	Hordeum vulgare	MorexV3	He81d529717e9	0	assigned
MorexV3|HORVU.MOREX.r3.3HG0312780.1.CDS1	2e259daada26f752a71d39841e92bfaa374ce22a0770fa3e13e83fb71b816398	Hordeum vulgare	MorexV3	He81d529717e9	0	assigned
MorexV3|HORVU.MOREX.r3.2HG0104990.1.CDS1	1013d9d0b268006678003df404036bd734a105b3f79f9084b2af3aa7bdf3ad3d	Hordeum vulgare	MorexV3	He81d529717e9	0	assigned
MorexV3|HORVU.MOREX.r3.3HG0230030.1.CDS1	669476780efbe070d70557a7bfd7d1476b9db0f5bb46f52d5b7da67d0898de78	Hordeum vulgare	MorexV3	He81d529717e9	0	assigned
MorexV3|HORVU.MOREX.r3.7HG0636710.1.CDS1	2144c0c1d6eecbfebd143960dc2b21dc3b7ae3cb448a0d18a7556116a872510f	Hordeum vulgare	MorexV3	He81d529717e9	0	assigned
MorexV3|HORVU.MOREX.r3.4HG0331810.1	4d54e5c443135a5632976ce8101c945b0af823e7d44bc474e10ab3b32c6cb168	Hordeum vulgare	MorexV3	He81d529717e9	0	assigned
MorexV3|HORVU.MOREX.r3.1HG0006160.1	e1d42d34d2a7ac0e12e73a17e8c3147f18f294768cd0fd07e60e2086c241a521	Hordeum vulgare	MorexV3	He81d529717e9	0	assigned
MorexV3|HORVU.MOREX.r3.7HG0749370.1	0bd2d0804d76e4561f7acc524c46a03eec17f82bc5141be1dd4161fa5b92734e	Hordeum vulgare	MorexV3	He81d529717e9	0	assigned
MorexV3|HORVU.MOREX.r3.1HG0001030.1	05dc8dfd6a1c4734970268a7d3921d53c74830a202da79a07a02104863804577	Hordeum vulgare	MorexV3	He81d529717e9	0	assigned
MorexV3|HORVU.MOREX.r3.1HG0006230.1	94f78fd05b3318dad95a9d2782843fc7a40465cc55b2a8f0bc83c36a2b31c598	Hordeum vulgare	MorexV3	He81d529717e9	0	assigned
MorexV3|HORVU.MOREX.r3.3HG0227880.1	a5503624a158cb08a307641029fa8bc41ae06ef1bbb05512d65fc7e359a15546	Hordeum vulgare	MorexV3	He81d529717e9	0	assigned
MorexV3|HORVU.MOREX.r3.7HG0652930.1	675503be7935dae0675924de36b9b63964081657e41584d8db5f010b9636344e	Hordeum vulgare	MorexV3	He81d529717e9	0	assigned
MorexV3|HORVU.MOREX.r3.7HG0747300.1	087efad923c238974fd9ca8c7b33494494f36095d0096693561bea94046895be	Hordeum vulgare	MorexV3	He81d529717e9	0	assigned
MorexV3|HORVU.MOREX.r3.6HG0540720.1	fceaf5343a954abf6e3babb021644ea46f68850c750471a5c4f2de7ff88422dd	Hordeum vulgare	MorexV3	He81d529717e9	0	assigned
MorexV3|HORVU.MOREX.r3.3HG0219750.1.CDS1	d9d944aee85c4debcddb9a18edef932e262889ec60b676b05014382deffdbaa9	Hordeum vulgare	MorexV3	He81d529717e9	0	assigned
MorexV3|HORVU.MOREX.r3.1HG0084900.1	7f3f657e38b95d57c08d121d80f78ceb9f3083bcfa9fb1f26cbd081d37d0b89c	Hordeum vulgare	MorexV3	He81d529717e9	0	assigned
MorexV3|HORVU.MOREX.r3.1HG0012170.1	ece7b8de1341a7ef3e6503ef31084ae7e6db3000bf343ab4865f9dbaa5986363	Hordeum vulgare	MorexV3	He81d529717e9	0	assigned
MorexV3|HORVU.MOREX.r3.7HG0741100.1	74262a0602daf359cab3f05466c16b83c39e53664e1c30714dff60b9178798dd	Hordeum vulgare	MorexV3	He81d529717e9	0	assigned
MorexV3|HORVU.MOREX.r3.1HG0001020.1	11f4491d521bf174d7928a90a2740920c935057db6f27c890ff9f42905a5a63d	Hordeum vulgare	MorexV3	He81d529717e9	0	assigned
MorexV3|HORVU.MOREX.r3.7HG0741110.1	78df2ac57b7eac6f1cee45cc0e2f799fe47eda77aaedcec5368590797762d4c8	Hordeum vulgare	MorexV3	He81d529717e9	0	assigned
MorexV3|HORVU.MOREX.r3.3HG0327070.1.CDS1	db6acf7da2c5df1da5163295778c83ee599ef586594bd5992d83c5d17d82bdb6	Hordeum vulgare	MorexV3	He81d529717e9	0	assigned
MorexV3|HORVU.MOREX.r3.4HG0344830.1.CDS1	bbfb3b83350729bcd5ec2786ac7546e67c68048675bc4cf1e48c2dc08c1e6d13	Hordeum vulgare	MorexV3	He81d529717e9	0	assigned
MorexV3|HORVU.MOREX.r3.1HG0086430.1	b11127604c0e83aaf2f8d1032885ed88ef6e9e67c564608ac7245f3cca09be94	Hordeum vulgare	MorexV3	He81d529717e9	0	assigned
MorexV3|HORVU.MOREX.r3.3HG0229690.1.CDS1	1abf4aa21d19f8eb7865b0b63597e4b9021c8279a0010168f81d88486a413738	Hordeum vulgare	MorexV3	He81d529717e9	0	assigned
MorexV3|HORVU.MOREX.r3.6HG0633010.1	5d101ab63a8c1928c97e074538ffeb96878f0b0cff29119499e2e45c8911a790	Hordeum vulgare	MorexV3	He81d529717e9	0	assigned
MorexV3|HORVU.MOREX.r3.5HG0535870.1	1c6798ab70504db8e4014dc89dabd4dfe4685eb32f65561bd5d67006164bb76a	Hordeum vulgare	MorexV3	He81d529717e9	0	assigned
MorexV3|HORVU.MOREX.r3.1HG0002800.1	dd66017fbfe14b5c2dd7330ce21b3151c6b72cd53be3fad087a83a669103f98b	Hordeum vulgare	MorexV3	He81d529717e9	0	assigned
MorexV3|HORVU.MOREX.r3.4HG0331870.1.CDS1	f152d46978fba8e701f2e8b2da59c70fc4970a455abad8f364ff3e82d70685c4	Hordeum vulgare	MorexV3	He81d529717e9	0	assigned
MorexV3|HORVU.MOREX.r3.7HG0741070.2	909645e63452f14b12cb5101d0882e7765dac5837b7c853ca26c9e501a88a380	Hordeum vulgare	MorexV3	He81d529717e9	0	assigned
MorexV3|HORVU.MOREX.r3.3HG0318420.1	83b0807477677478ce2fdfde6c8eca25f0f71b3a7e160b6899907800da6d5184	Hordeum vulgare	MorexV3	He81d529717e9	0	assigned
MorexV3|HORVU.MOREX.r3.3HG0327090.1	24cb18bb04146dd12e74bd3d5c97d42716c6b4835d1649e2f6e16785ed4f69a1	Hordeum vulgare	MorexV3	He81d529717e9	0	assigned
MorexV3|HORVU.MOREX.r3.6HG0546230.1	b14781c8f2de2d333905b40c1aa8bbeb1973a0d2175700ea9291d4bf4b12b007	Hordeum vulgare	MorexV3	He81d529717e9	0	assigned
MorexV3|HORVU.MOREX.r3.6HG0567780.1	c912881100d006dcb52f46f47ce3bc9ab2b67b4b5aebb6d6efb53697403ba028	Hordeum vulgare	MorexV3	He81d529717e9	0	assigned
MorexV3|HORVU.MOREX.r3.5HG0509410.1	031d2006a68d00992aa1af3ba502a292451b286a64552ebd81c8a7814eec50b8	Hordeum vulgare	MorexV3	He81d529717e9	0	assigned
MorexV3|HORVU.MOREX.r3.3HG0232120.1.CDS1	e933cfdc10ccd4fe798ea565992cf4a1a0dffa1b1fd9d6143d813c9bdea58a57	Hordeum vulgare	MorexV3	He81d529717e9	0	assigned
MorexV3|HORVU.MOREX.r3.6HG0546910.1	10a644eda9e8bdbacef07a830dd6e574189ec66966c37308343f006a961f1501	Hordeum vulgare	MorexV3	He81d529717e9	0	assigned
MorexV3|HORVU.MOREX.r3.7HG0634680.1	c203b436f40ee81dec9b8cd1423286ab7fa15d6c3a418dc05fea2115ca0e5432	Hordeum vulgare	MorexV3	He81d529717e9	0	assigned
MorexV3|HORVU.MOREX.r3.3HG0320310.1	047a5ba9aff49b5883f2b2ef5f394392d3db9b4846334bf95714f00bbde0e39d	Hordeum vulgare	MorexV3	He81d529717e9	0	assigned
MorexV3|HORVU.MOREX.r3.2HG0099120.1	be148c5ab21ec05fd52f614a9a207e7f0a2a98c770bfb063964ee6c3f224dca1	Hordeum vulgare	MorexV3	He81d529717e9	0	assigned
MorexV3|HORVU.MOREX.r3.3HG0230060.1.CDS1	cc473b84229d4f7de0349c0f8a675b377a2688f063cf913cf2f9c6c3224b8f75	Hordeum vulgare	MorexV3	He81d529717e9	0	assigned
MorexV3|HORVU.MOREX.r3.3HG0329840.1	5e07f86dc2410a40bd25f4b24dce2fbfa20b496c7bd2fff74f40a6f7302b34b0	Hordeum vulgare	MorexV3	He81d529717e9	0	assigned
MorexV3|HORVU.MOREX.r3.6HG0629180.1	746c9c8443cdebccb82d9f56ab62a47b99379fe1f835c084784381c0c6c0938c	Hordeum vulgare	MorexV3	He81d529717e9	0	assigned
MorexV3|HORVU.MOREX.r3.3HG0230520.1.CDS1	6de7483babf05ef7d59408b0958781944eb49dc8029752da3bc00a43e4d97b8a	Hordeum vulgare	MorexV3	He81d529717e9	0	assigned
MorexV3|HORVU.MOREX.r3.6HG0556280.1	3c55863c364d48a90efd2f9a0f303d46772c7ab1e7025f3335524a59158819a7	Hordeum vulgare	MorexV3	He81d529717e9	0	assigned
MorexV3|HORVU.MOREX.r3.3HG0313740.1	7382a887af9b95b7414d8b6804a59f6feed7e3a15073de95e6168c418d05ec02	Hordeum vulgare	MorexV3	He81d529717e9	0	assigned
MorexV3|HORVU.MOREX.r3.1HG0012670.1	ed3263ebfb6509150a5d32f3812c7bf778e82b5c2cef48008f30e2bbc08c5170	Hordeum vulgare	MorexV3	He81d529717e9	0	assigned
MorexV3|HORVU.MOREX.r3.1HG0001010.1	d15914e548d764a642ec5c3a54a0251e94f642d9c5f5b1d6c676b468301b668f	Hordeum vulgare	MorexV3	He81d529717e9	0	assigned
MorexV3|HORVU.MOREX.r3.7HG0634870.1	f8fb6df514aa6c1a3a220ab4251bc1143d4cea028250f86d8a39818f80bd37fd	Hordeum vulgare	MorexV3	He81d529717e9	0	assigned
MorexV3|HORVU.MOREX.r3.6HG0629160.1	e8b5e0638f9628c755a07d4142d1fad732bbf80368e7bcc990c39e80a90d42de	Hordeum vulgare	MorexV3	He81d529717e9	0	assigned
MorexV3|HORVU.MOREX.r3.7HG0652910.1	614e5fce5076abdb5d72c781626d1360f2a13cb5917aae87ad1502e8744b7f5f	Hordeum vulgare	MorexV3	He81d529717e9	0	assigned
MorexV3|HORVU.MOREX.r3.7HG0652850.1	6031c502f826fd912f4ecd1bccb76aca6b6161885bf91bfd2158d2c18bfa1bea	Hordeum vulgare	MorexV3	He81d529717e9	0	assigned
MorexV3|HORVU.MOREX.r3.7HG0652870.1	6031c502f826fd912f4ecd1bccb76aca6b6161885bf91bfd2158d2c18bfa1bea	Hordeum vulgare	MorexV3	He81d529717e9	0	assigned
MorexV3|HORVU.MOREX.r3.7HG0652880.1	6031c502f826fd912f4ecd1bccb76aca6b6161885bf91bfd2158d2c18bfa1bea	Hordeum vulgare	MorexV3	He81d529717e9	0	assigned
MorexV3|HORVU.MOREX.r3.4HG0331840.1	29273e2b9f53f4fa63af45764a127c0783317ca45a01eaa02f3ae2d3bbd68d9c	Hordeum vulgare	MorexV3	He81d529717e9	0	assigned
MorexV3|HORVU.MOREX.r3.2HG0217840.1	fd580aa6a48fd224090269d66c883847feb099e8b703e438acf4789ad997fc60	Hordeum vulgare	MorexV3	He81d529717e9	0	assigned
MorexV3|HORVU.MOREX.r3.3HG0326900.1	c68d8b399dab565c0b132c9256bf7eeb6c3c1da8b133242ec0acb79b891da587	Hordeum vulgare	MorexV3	He81d529717e9	0	assigned
MorexV3|HORVU.MOREX.r3.7HG0741130.1	e333132586adddfa38ef9815d7b5c09eaa85b85080e9053cc809b8722bf581f4	Hordeum vulgare	MorexV3	He81d529717e9	0	assigned
MorexV3|HORVU.MOREX.r3.1HG0086450.1	6c60268b0ac6af1e12328e9ca58bd5a2344fee1411b5081d187d4d8241a89c24	Hordeum vulgare	MorexV3	He81d529717e9	0	assigned
MorexV3|HORVU.MOREX.r3.5HG0426110.1	84477cdf17ca233174efd6079273ea8e17d11698638dce4f2611f51e2cb0890e	Hordeum vulgare	MorexV3	He81d529717e9	0	assigned
MorexV3|HORVU.MOREX.r3.6HG0631400.1	ea74075f31698e6c3e6c753dce045fc9725680743eae6ff52f5d8d409cc93847	Hordeum vulgare	MorexV3	He81d529717e9	0	assigned
MorexV3|HORVU.MOREX.r3.2HG0209880.1	86ebcaa99c26999b8a0859726511033e1de4fa59b6849d99941c270e1ffdeb86	Hordeum vulgare	MorexV3	He81d529717e9	0	assigned
MorexV3|HORVU.MOREX.r3.2HG0132330.1	4b82daf90cbcf0598e5183cd95b467ebf6585668dfdc665d2f46e4d60a313878	Hordeum vulgare	MorexV3	He81d529717e9	0	assigned
MorexV3|HORVU.MOREX.r3.6HG0623900.1	7cd373c2fd99b38938c1613b9b376e4f4b3c0c53c482988f044f42521a5561f1	Hordeum vulgare	MorexV3	He81d529717e9	0	assigned
MorexV3|HORVU.MOREX.r3.2HG0213360.1	38323b171799d1c6e201c24b375b46dc7ae83d093193c7fd99b4efd49b206b2d	Hordeum vulgare	MorexV3	He81d529717e9	0	assigned
MorexV3|HORVU.MOREX.r3.3HG0224870.1.CDS1	26444d3b4be20b92ada144ac8f5ff57d2391a7596b6b867bf26d0d0fda6c0f5f	Hordeum vulgare	MorexV3	He81d529717e9	0	assigned
MorexV3|HORVU.MOREX.r3.3HG0229870.1	e23e2f8ffec127f3e71a93ce30736b53b1f3163351dd46f207ab168590024f6a	Hordeum vulgare	MorexV3	He81d529717e9	0	assigned
MorexV3|HORVU.MOREX.r3.7HG0652890.1	b741257667d52c225def9821ddb1c6f61eb778c3cb19acf7716b9574202ed27b	Hordeum vulgare	MorexV3	He81d529717e9	0	assigned
MorexV3|HORVU.MOREX.r3.UnG0786440.1	a279a8903d63f3520971ba5252cd01cec8ac9633f8a92678a4bc6ae464d743be	Hordeum vulgare	MorexV3	He81d529717e9	0	assigned
MorexV3|HORVU.MOREX.r3.7HG0652860.1	d764e36407027646b9ecde7d8630cfa5e8f1f20b5f4e628e392bcd3a856fa72b	Hordeum vulgare	MorexV3	He81d529717e9	0	assigned
MorexV3|HORVU.MOREX.r3.1HG0084090.1	89e0380a1fadea59a11516515ae4d04a1ffa1af3bf7f9cc4fca81e1742037ac5	Hordeum vulgare	MorexV3	He81d529717e9	0	assigned
MorexV3|HORVU.MOREX.r3.2HG0095930.1.CDS1	533d39d871671b80f94edd1bb2f25360cbf4577688052b04485d962c53d5275a	Hordeum vulgare	MorexV3	He81d529717e9	0	assigned
MorexV3|HORVU.MOREX.r3.5HG0534980.1	d465d63431d997ba8731fa1c61d73d47b2f36ed71d20c2a599c2159e87a3aaa8	Hordeum vulgare	MorexV3	He81d529717e9	0	assigned
MorexV3|HORVU.MOREX.r3.6HG0550480.1	5c864a7c5571ceb4238bf21a3d133275231a5248f8eac9cdda1c8461b1aebf73	Hordeum vulgare	MorexV3	He81d529717e9	0	assigned
MorexV3|HORVU.MOREX.r3.5HG0529550.1	f1f1aa69a16b32e561689697b1be01855bd5f068214a2e1c3d2f7ea5e507bce8	Hordeum vulgare	MorexV3	He81d529717e9	0	assigned
MorexV3|HORVU.MOREX.r3.7HG0747380.1.CDS1	701f45262c1457ec563083e7df1ca11866f87055225198ce1b2a036446386412	Hordeum vulgare	MorexV3	He81d529717e9	0	assigned
MorexV3|HORVU.MOREX.r3.3HG0315170.1	57993a7b81294cdc6ab4302cfd891b26a9ef536d639c56f2d0fdbfedb32d24f0	Hordeum vulgare	MorexV3	He81d529717e9	0	assigned
MorexV3|HORVU.MOREX.r3.7HG0752170.1.CDS1	7594e105cb90fde3167c14d6d3a8831b33b9876bdfeedafd7c59b9cba718364e	Hordeum vulgare	MorexV3	He81d529717e9	0	assigned
MorexV3|HORVU.MOREX.r3.2HG0198090.1.CDS1	d8befe3105dab739eaa237feabdae7de7968a69acf87f6368d0c0633d1a64ce0	Hordeum vulgare	MorexV3	He81d529717e9	0	assigned
MorexV3|HORVU.MOREX.r3.3HG0324290.1	cc41a16fbe6130d266ab1b3ec348c6e932a5554bd8ec8f0cad88715807671449	Hordeum vulgare	MorexV3	He81d529717e9	0	assigned
MorexV3|HORVU.MOREX.r3.2HG0096080.1	5f31c8381dbc917a8bcbe5b84fe349206bebecacf8b77439e842c944dafc1d0c	Hordeum vulgare	MorexV3	He81d529717e9	0	assigned
MorexV3|HORVU.MOREX.r3.3HG0220340.1	bf23b0210a81369da92ee79bf66a4d76744f818356db03ac0def5173714664f9	Hordeum vulgare	MorexV3	He81d529717e9	0	assigned
MorexV3|HORVU.MOREX.r3.2HG0095950.1.CDS1	cf80f896432ea82ec311258cc70bd7c525a63e7a3a2e09d5afcc0fb2dd393a08	Hordeum vulgare	MorexV3	He81d529717e9	0	assigned
MorexV3|HORVU.MOREX.r3.7HG0657900.1	5081919216ce1baaaf602d48dcf385b9784287ea2e3df674d295f7c0cfc850e8	Hordeum vulgare	MorexV3	He81d529717e9	0	assigned
MorexV3|HORVU.MOREX.r3.3HG0230500.1.CDS1	c880149dff7ec1aaf669f35400ce33e78f9a968b11223b099cb3f043465d013c	Hordeum vulgare	MorexV3	He81d529717e9	0	assigned
MorexV3|HORVU.MOREX.r3.3HG0316240.1	00a68c8550d1f192d922fd7232ba3c31e1f8775de5483a931832b135ae3f56fc	Hordeum vulgare	MorexV3	He81d529717e9	0	assigned
MorexV3|HORVU.MOREX.r3.7HG0635010.1	246b7a910f2fa636278a15bdbaf976b4ed99635b77f52c8b0fdaff6597501bd8	Hordeum vulgare	MorexV3	He81d529717e9	0	assigned
MorexV3|HORVU.MOREX.r3.3HG0316460.1	d1eedd5172dd7a8054b8adb14128badf02d050f655d63f786ce1ff7fba47a27d	Hordeum vulgare	MorexV3	He81d529717e9	0	assigned
MorexV3|HORVU.MOREX.r3.2HG0113210.1	7bfdbf7456ed2bb430fd69dcdad4d49e56e2392e1257b277d7f3d0550eb7bba5	Hordeum vulgare	MorexV3	He81d529717e9	0	assigned
MorexV3|HORVU.MOREX.r3.5HG0537570.1	5bea47c451b444ef7510cfae5b38abdffb91874369f88be82cc2ce560e60aa62	Hordeum vulgare	MorexV3	He81d529717e9	0	assigned
MorexV3|HORVU.MOREX.r3.5HG0514590.1	6ba6c5c82dfd9a26ad054009a9b87d52ae4b00dd52eb2d240802b6e5e8d7c708	Hordeum vulgare	MorexV3	He81d529717e9	0	assigned
MorexV3|HORVU.MOREX.r3.3HG0220360.1	253863188709e3b9a54e6ac8544166b56a39b60738190c81cd8a034c0d3008ef	Hordeum vulgare	MorexV3	He81d529717e9	0	assigned
MorexV3|HORVU.MOREX.r3.7HG0652840.1	344db2d43edf19452177b903b5f7e545667ebc2cf9f24c7f53f20c995d8c3574	Hordeum vulgare	MorexV3	He81d529717e9	0	assigned
MorexV3|HORVU.MOREX.r3.7HG0751390.1.CDS1	9e96dad5dab667ec3881b250e6ffc5fcfee397822c01852ce05ec7a46c74cb82	Hordeum vulgare	MorexV3	He81d529717e9	0	assigned
MorexV3|HORVU.MOREX.r3.6HG0629170.1	0386a4d1ef65f7614603ca73e355412af9b36fabfed7830e6f48a3efc4a80bac	Hordeum vulgare	MorexV3	He81d529717e9	0	assigned
MorexV3|HORVU.MOREX.r3.6HG0623860.2	1d288d702ae1c54008bf8aa41405421465fd91121054d3adc0a9a7eaaba2fa6b	Hordeum vulgare	MorexV3	He81d529717e9	0	assigned
MorexV3|HORVU.MOREX.r3.7HG0636740.1.CDS1	7ee92dd868fe5571697297900fc10ceb1c71c32bf092f105e91acf23ac4ac3da	Hordeum vulgare	MorexV3	He81d529717e9	0	assigned
MorexV3|HORVU.MOREX.r3.2HG0106240.1	2aa5ddcabf70d0e28ae726c76cb8c7c4cc00cd15a73895ec8b7f22b26bed420f	Hordeum vulgare	MorexV3	He81d529717e9	0	assigned
MorexV3|HORVU.MOREX.r3.6HG0633020.1	89d6c3ea4bf4d5a69ecf0692a4682a29b60e6fea2794e9fde9690018d898c196	Hordeum vulgare	MorexV3	He81d529717e9	0	assigned
MorexV3|HORVU.MOREX.r3.7HG0635110.1	27b400f5ebe36da3ff0c6fc7c48d50fbe57a56d7a41da7820f6f80b0dc7dd82f	Hordeum vulgare	MorexV3	He81d529717e9	0	assigned
MorexV3|HORVU.MOREX.r3.6HG0556270.1.CDS1	b7062fb936a19dd81cf2e9f70ed1066e72e211a7ef125ca2d4e0bdd0a728653d	Hordeum vulgare	MorexV3	He81d529717e9	0	assigned
MorexV3|HORVU.MOREX.r3.1HG0083690.1.CDS1	5c6d9608c47ad21680ba6985998d0992f05ece9db856dc3d5b2141a5e38f7a38	Hordeum vulgare	MorexV3	He81d529717e9	0	assigned
MorexV3|HORVU.MOREX.r3.6HG0543480.1	d76c36ff4475dfe1129a313ed99a1d8cc8e3606834d4ab63bbbb5c53736445d5	Hordeum vulgare	MorexV3	He81d529717e9	0	assigned
MorexV3|HORVU.MOREX.r3.7HG0639810.1	c937d3962526a30f6fa0511508f508fb66864e601f9a52ece76bca9c994b4ee2	Hordeum vulgare	MorexV3	He81d529717e9	0	assigned
MorexV3|HORVU.MOREX.r3.7HG0752120.1.CDS1	58057ca363b94714e705c7b6fc3c952c317984383c1759997cbda7dcb848e562	Hordeum vulgare	MorexV3	He81d529717e9	0	assigned
MorexV3|HORVU.MOREX.r3.2HG0194910.1	5a4147496e424bff29742139cd7b03b0fada8a998803ba44ac384019b6f40afa	Hordeum vulgare	MorexV3	He81d529717e9	0	assigned
MorexV3|HORVU.MOREX.r3.6HG0629450.1	dc41cec2dbc784690fb9bd16e5ebd353a8df0a70b281f5c78aa4599e885f47ed	Hordeum vulgare	MorexV3	He81d529717e9	0	assigned
MorexV3|HORVU.MOREX.r3.7HG0739910.1	7ded5d5998b095f5ea4ee975c9a7b0c1f15fd949454d1959005ee86e8403fdd3	Hordeum vulgare	MorexV3	He81d529717e9	0	assigned
MorexV3|HORVU.MOREX.r3.6HG0630920.1	c83a3b3819bb02cbbc9c6653af79dc265d21eb181928498b112346bc43bab371	Hordeum vulgare	MorexV3	He81d529717e9	0	assigned
MorexV3|HORVU.MOREX.r3.5HG0529450.1.CDS1	246f68460e4bb40fcae7d04d782251ed9b00dd4f614f2037b18bfe5fcdc8ce3a	Hordeum vulgare	MorexV3	He81d529717e9	0	assigned
MorexV3|HORVU.MOREX.r3.3HG0222490.1	88d8518221617e6d16a461aa61cf2798f51c94cc76089ca1a831aac3fd205228	Hordeum vulgare	MorexV3	He81d529717e9	0	assigned
MorexV3|HORVU.MOREX.r3.7HG0747390.1	45edd63a1ee29a3af63685d504d1137e948794c7b124a5fc812ed78be6904531	Hordeum vulgare	MorexV3	He81d529717e9	0	assigned
MorexV3|HORVU.MOREX.r3.7HG0725910.1	014cc533f6a4d38b52394e271af6932bda5aff7e724f9431d4c2fb799d297dd4	Hordeum vulgare	MorexV3	He81d529717e9	0	assigned
MorexV3|HORVU.MOREX.r3.6HG0623830.1	cdc97fbf7b16989d2fe989e66f02a8c6749a76af68cdc46bafeab2d59a1d8050	Hordeum vulgare	MorexV3	He81d529717e9	0	assigned
MorexV3|HORVU.MOREX.r3.5HG0501880.1	e0ee3f78b09ddebe08b7bd941ca1efa7e148c2a6e4b3340c430b6652d1756b4c	Hordeum vulgare	MorexV3	He81d529717e9	0	assigned
MorexV3|HORVU.MOREX.r3.7HG0640560.1.CDS1	2ed16690946a2d6f114bca31259176b45a783b49ac6322999705e6fabdc34ede	Hordeum vulgare	MorexV3	He81d529717e9	0	assigned
MorexV3|HORVU.MOREX.r3.7HG0750140.1.CDS1	8c485a786f47880547216fabef23ac51f8e854498745bf8dacf4d1c44d3c52f5	Hordeum vulgare	MorexV3	He81d529717e9	0	assigned
MorexV3|HORVU.MOREX.r3.7HG0634660.1	0e18f4f8a9bccabcc4f05f78e0606f507755e0a09c56abdbd29e87b2347d606c	Hordeum vulgare	MorexV3	He81d529717e9	0	assigned
MorexV3|HORVU.MOREX.r3.2HG0095960.1.CDS1	f690ef40b0857e8174eeef49551e30812879089a129996a82adbd3083788f65e	Hordeum vulgare	MorexV3	He81d529717e9	0	assigned
MorexV3|HORVU.MOREX.r3.7HG0724000.1	f833ffa56860de93c55653f347cfe9dc8915536d6c05226ccc907937298855b3	Hordeum vulgare	MorexV3	He81d529717e9	0	assigned
MorexV3|HORVU.MOREX.r3.7HG0750930.1.CDS1	7433bdc4393aa4da51fd520b770713e193dc879decd00c4f4ab749389de748cb	Hordeum vulgare	MorexV3	He81d529717e9	0	assigned
MorexV3|HORVU.MOREX.r3.7HG0727040.1	6ea1e647289999094ef15bd2f216b434e9b0e1fc1c793bb8363437a04e7f5471	Hordeum vulgare	MorexV3	He81d529717e9	0	assigned
MorexV3|HORVU.MOREX.r3.1HG0002180.1.CDS1	11b74cbdb7fbb0e31ab4fb9654a4d41c25e054df1054eca257b9be4cd0c853a7	Hordeum vulgare	MorexV3	He81d529717e9	0	assigned
MorexV3|HORVU.MOREX.r3.3HG0324310.1	16780b9d7e8f18857f51a77c29dc19be4842e90932cb61bf410796f21e1d6a9f	Hordeum vulgare	MorexV3	He81d529717e9	0	assigned
MorexV3|HORVU.MOREX.r3.1HG0001470.1	5da51be000775ad0acd1753f7534b370b33e072ce5ebfb6c233106132e595d10	Hordeum vulgare	MorexV3	He81d529717e9	0	assigned
MorexV3|HORVU.MOREX.r3.3HG0316230.1	e6b7dd3d6b7fefdeb596c83aad1ab49ad90370e35c6ca9b8bdf8100138c5ac3f	Hordeum vulgare	MorexV3	He81d529717e9	0	assigned
MorexV3|HORVU.MOREX.r3.2HG0102530.1	31810168eead13854bebb86623ee339e30cb5b7d2ea6b97cfd6c26e4c2063cea	Hordeum vulgare	MorexV3	He81d529717e9	0	assigned
MorexV3|HORVU.MOREX.r3.5HG0501830.1	50e775cc479f9f822aff71c80fb4711aa8f4e81c5c54032801aa91aff810b920	Hordeum vulgare	MorexV3	He81d529717e9	0	assigned
MorexV3|HORVU.MOREX.r3.5HG0535280.1	cc34793163518d348faf8ccded3b75896555c9cc8a43241cf08449751e0cd01f	Hordeum vulgare	MorexV3	He81d529717e9	0	assigned
MorexV3|HORVU.MOREX.r3.7HG0634910.1	051266aed5747195cbcf139deab009b6d5f823c8d4ff6b251ee9fc338b3c26ea	Hordeum vulgare	MorexV3	He81d529717e9	0	assigned
MorexV3|HORVU.MOREX.r3.6HG0631360.1	fd9133abd74ae3fed916f79f39778371f0e383a0da9d2777e3bccd4db1fb5ac7	Hordeum vulgare	MorexV3	He81d529717e9	0	assigned
MorexV3|HORVU.MOREX.r3.2HG0128070.1	a49d117c98ad3df867ce3a78d16241478f83b8a8cb8f17f2694a5b525adc9cb6	Hordeum vulgare	MorexV3	He81d529717e9	0	assigned
MorexV3|HORVU.MOREX.r3.3HG0231840.1	7ee0c47d0751e2f93ba841b92435e99b0f737a09440e79eb3c45ce162fc6fb61	Hordeum vulgare	MorexV3	He81d529717e9	0	assigned
MorexV3|HORVU.MOREX.r3.2HG0216800.1	f92a2fa54e1a10f39e2ec54e90c4917ec503540e1fa0bdde6dba0178af2793c4	Hordeum vulgare	MorexV3	He81d529717e9	0	assigned
MorexV3|HORVU.MOREX.r3.1HG0021150.1.CDS1	ec143fde50115da26f5e05e8a7341a730f0b2bfbfaa2da2de7eed9d5a2010e45	Hordeum vulgare	MorexV3	He81d529717e9	0	assigned
MorexV3|HORVU.MOREX.r3.7HG0639770.1	b3388146fd62c44dc5aa03e87c239f18507660412d7101402909c8379045346e	Hordeum vulgare	MorexV3	He81d529717e9	0	assigned
MorexV3|HORVU.MOREX.r3.2HG0216880.1	83e95b1620e1c7296dbe07046d553bfab137b0e9edb67687dffa3c64941f6916	Hordeum vulgare	MorexV3	He81d529717e9	0	assigned
MorexV3|HORVU.MOREX.r3.1HG0005640.1	37d85da636ac41e413d44160b7195265ea41480c0db1e7cf8f29a439c92a5ce0	Hordeum vulgare	MorexV3	He81d529717e9	0	assigned
MorexV3|HORVU.MOREX.r3.1HG0083670.1	baaaa6598826041ff36a6962532f12c94bf019857b4a6b6c83f8519994903168	Hordeum vulgare	MorexV3	He81d529717e9	0	assigned
MorexV3|HORVU.MOREX.r3.5HG0486600.1	93a08160950fd8c681216da64eab5e3dd609505afef46798fba21bd95deec716	Hordeum vulgare	MorexV3	He81d529717e9	0	assigned
MorexV3|HORVU.MOREX.r3.5HG0531040.1	be6e29201426a77536f90e9ac16bc2e03b2007937499ffec0c52b5533bd62675	Hordeum vulgare	MorexV3	He81d529717e9	0	assigned
MorexV3|HORVU.MOREX.r3.3HG0310700.1.CDS1	10bc7b1a3c512420445197b6b2c38d8da280f248f67200ad9e07e90a6223422f	Hordeum vulgare	MorexV3	He81d529717e9	0	assigned
MorexV3|HORVU.MOREX.r3.5HG0420380.1	37803bf684116ede187d6d982c315047c2f416232f49a7c84fa9f748d5b57a7e	Hordeum vulgare	MorexV3	He81d529717e9	0	assigned
MorexV3|HORVU.MOREX.r3.4HG0345000.1	080147d8421bc3eca14490d1ea78b393d3ee3e5d30e4c917449c7e1152691304	Hordeum vulgare	MorexV3	He81d529717e9	0	assigned
MorexV3|HORVU.MOREX.r3.2HG0100980.3	0959cb94a9c7009f22f76aed532efe5e9754af5d6152b5c5790eb065556f406e	Hordeum vulgare	MorexV3	He81d529717e9	0	assigned
MorexV3|HORVU.MOREX.r3.4HG0413780.1	04ade3835af3d74771552cf38212c184bd243fe822678a534f6a7516d0622372	Hordeum vulgare	MorexV3	He81d529717e9	0	assigned
MorexV3|HORVU.MOREX.r3.6HG0633070.1	ef4b144894ade773d314efee14d41e7d960c30cf478216b61ca48e9df509de5d	Hordeum vulgare	MorexV3	He81d529717e9	0	assigned
MorexV3|HORVU.MOREX.r3.3HG0231850.1	e2d079abdcf9f758cd15cc40bd85bf88223658ce70d4df824a9686d3fa77806d	Hordeum vulgare	MorexV3	He81d529717e9	0	assigned
MorexV3|HORVU.MOREX.r3.6HG0551080.1.CDS1	a559d05cc71f2efd06218b0e3a75ff1bd429925a636bece820014e4c2663ebfe	Hordeum vulgare	MorexV3	He81d529717e9	0	assigned
MorexV3|HORVU.MOREX.r3.2HG0194970.1	07f6768c98c045471f100b4478696178d87cc12ec17c65223ce7d1c1758d2b42	Hordeum vulgare	MorexV3	He81d529717e9	0	assigned
MorexV3|HORVU.MOREX.r3.3HG0315540.1	bf8c44bc402efc74e6b7412ba10d1dd6b389b8bc824ec27941b7e9ee7cdb2ba6	Hordeum vulgare	MorexV3	He81d529717e9	0	assigned
MorexV3|HORVU.MOREX.r3.7HG0636130.1.CDS1	6e974c8a05652c0b7f7a8c4aee436d0a022dceed5b419da23d941c090dfd59d6	Hordeum vulgare	MorexV3	He81d529717e9	0	assigned
MorexV3|HORVU.MOREX.r3.2HG0198100.1.CDS1	08f82a2a6a2c43996a3614bb86d82825356293eafa9287ec6aa0e734fdcd48b9	Hordeum vulgare	MorexV3	He81d529717e9	0	assigned
MorexV3|HORVU.MOREX.r3.6HG0631390.1	7ec4ddc30d0956d54859e0eb84c0d6b58513c2859f947e34ac2075482f120db7	Hordeum vulgare	MorexV3	He81d529717e9	0	assigned
MorexV3|HORVU.MOREX.r3.6HG0540710.1	50c9c7af04bfe9d525eb762a76eb26a6cab5ac3ea7aaa0ad30d01f662ac313e8	Hordeum vulgare	MorexV3	He81d529717e9	0	assigned
MorexV3|HORVU.MOREX.r3.3HG0315570.1	d933271c7e1da4124f36647c3b8f6831b34dea728aadf621274acf21be0cbe2e	Hordeum vulgare	MorexV3	He81d529717e9	0	assigned
MorexV3|HORVU.MOREX.r3.5HG0519480.1	af89326cf646e17804c9b70efcecb4239a68464c7ac0e922d863e18669d22584	Hordeum vulgare	MorexV3	He81d529717e9	0	assigned
MorexV3|HORVU.MOREX.r3.5HG0528050.1.CDS1	397f22b9fec9e94209b6a83a81faf427d79e308f27878b3a33853204e9b51cee	Hordeum vulgare	MorexV3	He81d529717e9	0	assigned
MorexV3|HORVU.MOREX.r3.6HG0556330.1	44e5438375bbce4411ed6e6310f57a0065043e2e2b2051348b56e8b28940cb48	Hordeum vulgare	MorexV3	He81d529717e9	0	assigned
MorexV3|HORVU.MOREX.r3.2HG0100990.1	05cfd92e9433cbba6d5730ab8a4c56c13fcb12e4ab66a99a650003001e6dcf26	Hordeum vulgare	MorexV3	He81d529717e9	0	assigned
MorexV3|HORVU.MOREX.r3.1HG0084620.1.CDS1	30eb356871a16067292ca63c1d9d99b1d1933634286f6668824df8445233c0b6	Hordeum vulgare	MorexV3	He81d529717e9	0	assigned
MorexV3|HORVU.MOREX.r3.7HG0730620.1	3514e4ce0a79d61b9a0c31f45df220b44abe949cb360377496d9fadc4675077d	Hordeum vulgare	MorexV3	He81d529717e9	0	assigned
MorexV3|HORVU.MOREX.r3.5HG0533920.1.CDS1	6b5ae7ba3a58cc3a46e47724c7a8453b66b629ebddbb46e1689706796e3b77a1	Hordeum vulgare	MorexV3	He81d529717e9	0	assigned
MorexV3|HORVU.MOREX.r3.6HG0632390.1	a64e144c02b3d52c6b389ff9a3cbbdc503e10461e3f22c877cb32257928357eb	Hordeum vulgare	MorexV3	He81d529717e9	0	assigned
MorexV3|HORVU.MOREX.r3.3HG0293670.1.CDS1	3ee29da8c223f32277d8a083f049dd83e929ba4a472a6b8849ca1a7adf6714b3	Hordeum vulgare	MorexV3	He81d529717e9	0	assigned
MorexV3|HORVU.MOREX.r3.5HG0534540.1	d7985a64db99e8ccc043a3927c8e14e5de4ada73117388f4d145cc3677c66c0b	Hordeum vulgare	MorexV3	He81d529717e9	0	assigned
MorexV3|HORVU.MOREX.r3.5HG0511970.1	1857a3dd9b2b4ae85fcd9deaebe4531869718bddce6ede4808e30fdb07214144	Hordeum vulgare	MorexV3	He81d529717e9	0	assigned
MorexV3|HORVU.MOREX.r3.5HG0526140.1	4a2aefda1e3d59df33c7907aaa047ca1e2d02a4d87f050d3e2c0189ae344733a	Hordeum vulgare	MorexV3	He81d529717e9	0	assigned
MorexV3|HORVU.MOREX.r3.2HG0105320.1	464398f6dbf83b6125e725d412bc6f7c92d492d9c092e93a325bcc6869b2fa56	Hordeum vulgare	MorexV3	He81d529717e9	0	assigned
MorexV3|HORVU.MOREX.r3.2HG0198130.1.CDS1	de7c483f89ab466ad9602af39c2c388ef45de9ca206e2e4a883437f3a926f261	Hordeum vulgare	MorexV3	He81d529717e9	0	assigned
MorexV3|HORVU.MOREX.r3.6HG0632400.1	379bd65d3c4ee9b4b31556d194b9c8462fbb9c0bdb9543bc64278e1527cdddde	Hordeum vulgare	MorexV3	He81d529717e9	0	assigned
MorexV3|HORVU.MOREX.r3.1HG0006880.1.CDS1	f3178ac097f8bbf0b7eceda5eaab32c4f1e804a5e31f4f482e79ac04f110047f	Hordeum vulgare	MorexV3	He81d529717e9	0	assigned
MorexV3|HORVU.MOREX.r3.5HG0425370.1	7c50c6bcd52eb3a892f03c7f2536592be913d593fb4badc0f3effaf0ac168a0b	Hordeum vulgare	MorexV3	He81d529717e9	0	assigned
MorexV3|HORVU.MOREX.r3.2HG0198110.1.CDS1	d54b6bf8fa241d68473dc5ec15ac63f70a0e442844c18ca1e30390750142c46a	Hordeum vulgare	MorexV3	He81d529717e9	0	assigned
MorexV3|HORVU.MOREX.r3.4HG0391180.1	1a7f2342f798bbe9d25cc36771d026ca7ff02c9ddcb938ccb33f08c0fe15f9b7	Hordeum vulgare	MorexV3	He81d529717e9	0	assigned
MorexV3|HORVU.MOREX.r3.7HG0636980.1	8ca53f1e69cab14a1f0224ea3da02e5c2ac918547fe9f239a891c20c564fec65	Hordeum vulgare	MorexV3	He81d529717e9	0	assigned
MorexV3|HORVU.MOREX.r3.5HG0537840.1.CDS1	fe8780401012853840d5523722358cfcebc22af07931186e2d52a4723f05e159	Hordeum vulgare	MorexV3	He81d529717e9	0	assigned
MorexV3|HORVU.MOREX.r3.5HG0425250.1	673831db0c9cdbb8c6bd6438284172fea29f4c01ec25d191ac9333addd6393a2	Hordeum vulgare	MorexV3	He81d529717e9	0	assigned
MorexV3|HORVU.MOREX.r3.5HG0495560.1	b76d1e346a3f8227d017618e124a883d0f84d6e13842fe969bae8691347453a5	Hordeum vulgare	MorexV3	He81d529717e9	0	assigned
MorexV3|HORVU.MOREX.r3.5HG0472870.1	eb967f9bdae942872e9db21c13fd5de82cbf3d7ff91d5cf91957e55050220faf	Hordeum vulgare	MorexV3	He81d529717e9	0	assigned
MorexV3|HORVU.MOREX.r3.5HG0438310.1.CDS1	bdc9469166b9a84f6777b76d5c69efc90e3b3b00e0108d18c4dd3069dba70b4b	Hordeum vulgare	MorexV3	He81d529717e9	0	assigned
MorexV3|HORVU.MOREX.r3.5HG0511960.1	930990710f0617f4e539524ca243ee2905705a059b8603282d5c20c32b28169e	Hordeum vulgare	MorexV3	He81d529717e9	0	assigned
MorexV3|HORVU.MOREX.r3.7HG0636780.1.CDS1	ada1c7bd9818e80c7d8904bf4a263afc2df6b23abf7a9b81f5e5386c7308c7de	Hordeum vulgare	MorexV3	He81d529717e9	0	assigned
MorexV3|HORVU.MOREX.r3.5HG0502370.1	df07509ad31c33d5caefb777b3bfe3dcb8f058f42d1b7b8cc0406977755ab11c	Hordeum vulgare	MorexV3	He81d529717e9	0	assigned
MorexV3|HORVU.MOREX.r3.5HG0502310.1	5b82409918673407ac8286d5700e5ecf115d94645cb4c61085ea78dc25656f61	Hordeum vulgare	MorexV3	He81d529717e9	0	assigned
MorexV3|HORVU.MOREX.r3.2HG0101020.1	0307f13d4de411ed9d67ec7db30bae254dfa6592875257760d4ca2ce4fe99842	Hordeum vulgare	MorexV3	He81d529717e9	0	assigned
MorexV3|HORVU.MOREX.r3.5HG0537680.1.CDS1	9b61218b8997712a6aac29ae6c452c5ae17574746631bcc7b7ddb126044ded31	Hordeum vulgare	MorexV3	He81d529717e9	0	assigned
MorexV3|HORVU.MOREX.r3.7HG0730710.1	250613d1fc6e6f691aa8c925f932e19a78987f69621608bbc4ec2cb0e3a23dd9	Hordeum vulgare	MorexV3	He81d529717e9	0	assigned
MorexV3|HORVU.MOREX.r3.3HG0234370.1	f6d622ca180edc742d426c96671b83d340f31edb92fef4fd8ce94d7a0785cc96	Hordeum vulgare	MorexV3	He81d529717e9	0	assigned
MorexV3|HORVU.MOREX.r3.1HG0090630.1.CDS1	c80897bca9b5fea3dcdd9c631c3430201b6538545f4706031b13d25cdb57015a	Hordeum vulgare	MorexV3	He81d529717e9	0	assigned
MorexV3|HORVU.MOREX.r3.5HG0425330.1	6f9d56a6de100d293f84667f2be650a6ae4fd41ea3a6ce74134831caeb8a6ea9	Hordeum vulgare	MorexV3	He81d529717e9	0	assigned
MorexV3|HORVU.MOREX.r3.2HG0180250.1.CDS1	b7e297402de4e01b374c03d03ba10d7af11e04491542859de4907e11f5473a1f	Hordeum vulgare	MorexV3	He81d529717e9	0	assigned
MorexV3|HORVU.MOREX.r3.6HG0547850.1.CDS1	d7ca610544b47fca68a35485dde00e807ea94e1cabfd8f7ca3cca2a3ceed72ac	Hordeum vulgare	MorexV3	He81d529717e9	0	assigned
MorexV3|HORVU.MOREX.r3.7HG0636070.1.CDS1	4495952f72d9aa6a168470dafcba3e2b1cd756a9c792bbef018ebb24adec7f1e	Hordeum vulgare	MorexV3	He81d529717e9	0	assigned
MorexV3|HORVU.MOREX.r3.1HG0004460.1	d52a9bddaf3b96f3e7472dd629605bbc38feb1833a8dfe8e933cb7bafc76f142	Hordeum vulgare	MorexV3	He81d529717e9	0	assigned
MorexV3|HORVU.MOREX.r3.1HG0004380.1	2d1eb1b10e169db6cc27d64f2a9186a9cf4bea370eb7b212c6d6eda21c09fc38	Hordeum vulgare	MorexV3	He81d529717e9	0	assigned
MorexV3|HORVU.MOREX.r3.1HG0010020.1.CDS1	4437c1518e46cf45829458e9b9e15ca32b42fa81f4a34738d5476fbc801aa3a6	Hordeum vulgare	MorexV3	He81d529717e9	0	assigned
MorexV3|HORVU.MOREX.r3.2HG0098620.1	d498fb2333dfb9d425ee9ec37400ccc3e851a357d874d9f7d04b8935c189c261	Hordeum vulgare	MorexV3	He81d529717e9	0	assigned
MorexV3|HORVU.MOREX.r3.7HG0636250.1.CDS1	e9fcdc0d8106f4baf917b0182829138c0630ad20af7bea36238ab8ede16eaa57	Hordeum vulgare	MorexV3	He81d529717e9	0	assigned
MorexV3|HORVU.MOREX.r3.7HG0745600.1	2af1b75e8cecaec923cef6e72b63247a7b7862f565d8125e944f80e0409cee6c	Hordeum vulgare	MorexV3	He81d529717e9	0	assigned
MorexV3|HORVU.MOREX.r3.1HG0042290.1	1a384591d566c248e56bf34c4834d7cb2d44f3a365aa234ffb05e2cb9239172c	Hordeum vulgare	MorexV3	He81d529717e9	0	assigned
MorexV3|HORVU.MOREX.r3.7HG0749740.1	a1918c5b73c05f351ef2c78605edadaf4eabb99e7be0c7f1dec54e959369df87	Hordeum vulgare	MorexV3	He81d529717e9	0	assigned
MorexV3|HORVU.MOREX.r3.7HG0637500.1	d097ac427318feb76e2d256360fbde38e8061d93111a1d0ca7783db725b286ba	Hordeum vulgare	MorexV3	He81d529717e9	0	assigned
MorexV3|HORVU.MOREX.r3.5HG0531050.1	d46663d9bd242dfbb79f60f7c2ad2ce35f07c070b20096011ded3cd7d7605053	Hordeum vulgare	MorexV3	He81d529717e9	0	assigned
MorexV3|HORVU.MOREX.r3.1HG0066210.1.CDS1	0ee69f2f733aff68dcc038b2c925fcb2c35fa492f4a6c0371b8b69e653a07865	Hordeum vulgare	MorexV3	He81d529717e9	0	assigned
MorexV3|HORVU.MOREX.r3.7HG0712390.1	d86216595bc96cfed22148cef20986f85f43d838a6a52fd0a6a9247475cd92cf	Hordeum vulgare	MorexV3	He81d529717e9	0	assigned
MorexV3|HORVU.MOREX.r3.2HG0193290.1	2261d23e660378a70376a819caa7e9fb2f32614b3169f26a8f9028518df2a85d	Hordeum vulgare	MorexV3	He81d529717e9	0	assigned
MorexV3|HORVU.MOREX.r3.6HG0594450.1	8ca64d61f8cbe01550139810f466c7be7851bd3165e25aa20ae4abc8a1535ca1	Hordeum vulgare	MorexV3	He81d529717e9	0	assigned
MorexV3|HORVU.MOREX.r3.3HG0228400.1	bd05557c610b02514fd5947601596c6f74659e6856069d5e1d3bd5cdc286a2f9	Hordeum vulgare	MorexV3	He81d529717e9	0	assigned
MorexV3|HORVU.MOREX.r3.3HG0219470.1	f3fd3059f90f824edc8702ce074a030be7850c6407160e5bb474d9a9bf2214a8	Hordeum vulgare	MorexV3	He81d529717e9	0	assigned
MorexV3|HORVU.MOREX.r3.7HG0636050.1.CDS1	460c90765d0c44d88bfe22fd956cf0cddad270f968e10f8f753ff6cffb005ad0	Hordeum vulgare	MorexV3	He81d529717e9	0	assigned
MorexV3|HORVU.MOREX.r3.4HG0344990.1	d45078474ed7f2fb9cdc4424e7fdfd73de45abd125a88920be3d9c7797d57b73	Hordeum vulgare	MorexV3	He81d529717e9	0	assigned
MorexV3|HORVU.MOREX.r3.5HG0534670.1.CDS1	3d64b6db34ce54b5c7646d0af36ddffcd10e065006e949001278c24bc646556b	Hordeum vulgare	MorexV3	He81d529717e9	0	assigned
MorexV3|HORVU.MOREX.r3.5HG0425160.1	64b64d19242443048d8f7dddc299b883feae3827335fad4aa99f68e2e399f4a5	Hordeum vulgare	MorexV3	He81d529717e9	0	assigned
MorexV3|HORVU.MOREX.r3.5HG0534940.1	7c72b1556d0a0c7b17cc9cd1fe2e7e154524785977dbcccb04efb8314e9b3cb3	Hordeum vulgare	MorexV3	He81d529717e9	0	assigned
MorexV3|HORVU.MOREX.r3.1HG0000210.1	cad311c547de7a12a8500a6bb1e95dd02388d04c0600f2c6743000c2908d72be	Hordeum vulgare	MorexV3	He81d529717e9	0	assigned
MorexV3|HORVU.MOREX.r3.5HG0502300.1	6a9b0d2e13e1cb819f40426676e036a82d74cb126dd2eca77fb7f7b3a2e3c0c0	Hordeum vulgare	MorexV3	He81d529717e9	0	assigned
MorexV3|HORVU.MOREX.r3.1HG0079920.1.CDS1	84290f00f6cd7a54a29595039692c83690ea8cad5d825e211703a329db146458	Hordeum vulgare	MorexV3	He81d529717e9	0	assigned
MorexV3|HORVU.MOREX.r3.6HG0632650.1	2004e11ec01837b965acfeecd41a4371e52f48da43c350f64d4ee864e39b5ee8	Hordeum vulgare	MorexV3	He81d529717e9	0	assigned
MorexV3|HORVU.MOREX.r3.5HG0420450.1	6a46c5fe5b9c4413ea912193f23208126b6a9f94baead6cbaad8f350f8559ca2	Hordeum vulgare	MorexV3	He81d529717e9	0	assigned
MorexV3|HORVU.MOREX.r3.1HG0000250.1	e4fff83d3de10cd4afdeb96f76af4b6cc8d90cebdd2438e5cc2ed6a639c073f3	Hordeum vulgare	MorexV3	He81d529717e9	0	assigned
MorexV3|HORVU.MOREX.r3.5HG0512000.1	0699f5eb075043c01916c7f045dccc14bb94a91e05b12f1ba215719012e5f737	Hordeum vulgare	MorexV3	He81d529717e9	0	assigned
MorexV3|HORVU.MOREX.r3.2HG0214240.1	4c7da1ecdc60929631f37c2be4fe8e710fe3f35db2542914dda796398322f0cb	Hordeum vulgare	MorexV3	He81d529717e9	0	assigned
MorexV3|HORVU.MOREX.r3.7HG0744530.1	7c772efc05ef6cb9c564fd2aa5dbd4afa13baffd246a658a0e51c323f2f7ec97	Hordeum vulgare	MorexV3	He81d529717e9	0	assigned
MorexV3|HORVU.MOREX.r3.7HG0745620.1	24c8d316a82c752b791818711aea285ea63233dab5555fcd6e6e07a40a09172b	Hordeum vulgare	MorexV3	He81d529717e9	0	assigned
MorexV3|HORVU.MOREX.r3.7HG0744510.1	9def178c11c399cb319447d777f67069e73e819ddc120f39094ed3e53a4acfcf	Hordeum vulgare	MorexV3	He81d529717e9	0	assigned
MorexV3|HORVU.MOREX.r3.5HG0496820.1	c6aa56dfc3b16b5fcb59e7ab801b99f7cafc50333c3b46fdb04b30758f505207	Hordeum vulgare	MorexV3	He81d529717e9	0	assigned
MorexV3|HORVU.MOREX.r3.2HG0098640.1	8292a1028b04229523df47e8eb7f8aa23e8997e7914982513d973e9c2fa0f9aa	Hordeum vulgare	MorexV3	He81d529717e9	0	assigned
MorexV3|HORVU.MOREX.r3.7HG0749700.1	6286c7c089e71c47e5287379a584c754f080fade544841c032742a3825a45126	Hordeum vulgare	MorexV3	He81d529717e9	0	assigned
MorexV3|HORVU.MOREX.r3.7HG0745610.1	cb1ebe446e36e98eca01549a82694b97fdafd9c21d38c11209bd1986ffe76c92	Hordeum vulgare	MorexV3	He81d529717e9	0	assigned
MorexV3|HORVU.MOREX.r3.1HG0000220.1	72242a6fda88ba39bf21a499010611549fe86b7a5a678979925e2ac77356fc8c	Hordeum vulgare	MorexV3	He81d529717e9	0	assigned
MorexV3|HORVU.MOREX.r3.6HG0629550.1	da400bf08689de0181cdf0d3b4d4f785058af917c3b0530442bdb2705a3ee71f	Hordeum vulgare	MorexV3	He81d529717e9	0	assigned
MorexV3|HORVU.MOREX.r3.7HG0657880.1	cd6ae1654a72454cab60a248a44d2f56ef8591f5075b93ecac316d6ce95a2526	Hordeum vulgare	MorexV3	He81d529717e9	0	assigned
MorexV3|HORVU.MOREX.r3.1HG0002060.1	fa1f9ecdfe6497038172e7bc4dfd3bcba9a55afd8e2a84b980a54a6ae1d71667	Hordeum vulgare	MorexV3	He81d529717e9	0	assigned
MorexV3|HORVU.MOREX.r3.5HG0480870.1	0960eb7014d05d54cdba428407ca151b286cb0f5c4169d694b4cb4eb4975446f	Hordeum vulgare	MorexV3	He81d529717e9	0	assigned
MorexV3|HORVU.MOREX.r3.1HG0063110.1.CDS1	9813b7c623e15425c64b338fae9d95078b55348c8e4df9d65639079726bde540	Hordeum vulgare	MorexV3	He81d529717e9	0	assigned
MorexV3|HORVU.MOREX.r3.7HG0637000.1	1def2f9e8457a9ebfe578c9c833ed6e343e24268d5de7266eb55f48a4a17ed84	Hordeum vulgare	MorexV3	He81d529717e9	0	assigned
MorexV3|HORVU.MOREX.r3.7HG0746160.1	ce911768274482fde94825068912f56c8f858e05c78fb70eb32ca59c8a0beb6f	Hordeum vulgare	MorexV3	He81d529717e9	0	assigned
MorexV3|HORVU.MOREX.r3.5HG0534530.1	26d6e8f4364ee01a5ca164f8df592df829d6cb1a1b64c99b8458c3791850f420	Hordeum vulgare	MorexV3	He81d529717e9	0	assigned
MorexV3|HORVU.MOREX.r3.5HG0473950.1	c8c96cf4c43a09310cdcc0912edccdc50bc9b733c52bacff2ac8c68b9f253053	Hordeum vulgare	MorexV3	He81d529717e9	0	assigned
MorexV3|HORVU.MOREX.r3.5HG0473930.1	0d76fc5ca38bca8bc7cae06dba325022ae5202156a10d33d2212f1da0a8d8d43	Hordeum vulgare	MorexV3	He81d529717e9	0	assigned
MorexV3|HORVU.MOREX.r3.3HG0311640.1	f92abc1d848d59d280dc1bb95f2bca05e424ee157227848c1a802b081583d250	Hordeum vulgare	MorexV3	He81d529717e9	0	assigned
MorexV3|HORVU.MOREX.r3.3HG0219490.1	602a43a124c7b5fc1780fbd991d47a6538981be773b52402e67352e8ba882464	Hordeum vulgare	MorexV3	He81d529717e9	0	assigned
MorexV3|HORVU.MOREX.r3.1HG0012650.1	a7851ec5c9bafb8bedc9ea8bd6591a493a75587ab2661a767f885cf5fb220c58	Hordeum vulgare	MorexV3	He81d529717e9	0	assigned
MorexV3|HORVU.MOREX.r3.5HG0438750.1	8bd5a7620172200c3978b5b1fb1c7483a83db0b49b6dcdd23cd72859a4a41918	Hordeum vulgare	MorexV3	He81d529717e9	0	assigned
MorexV3|HORVU.MOREX.r3.7HG0634930.1	7fa8ed7eb2dd49718badc5c1874351abdb8bde7d4dec9233fdd0133c7e423d79	Hordeum vulgare	MorexV3	He81d529717e9	0	assigned
MorexV3|HORVU.MOREX.r3.7HG0749590.1	b5ffa4f04de86e5d0648646b01d07b1536fa5e9b6b43d5eaf4c9346e7c7cd205	Hordeum vulgare	MorexV3	He81d529717e9	0	assigned
MorexV3|HORVU.MOREX.r3.7HG0635050.1	ff8b0ff3a372572ee31f9dc93b7f453b094935ec35370e8c12386f8868f040ff	Hordeum vulgare	MorexV3	He81d529717e9	0	assigned
MorexV3|HORVU.MOREX.r3.6HG0550470.1	35153d477d60cb457ffbc69162583be07b6b46f4fad9c8768eadd6762cbeed50	Hordeum vulgare	MorexV3	He81d529717e9	0	assigned
MorexV3|HORVU.MOREX.r3.7HG0637470.1	0672e145f95ea44c4666447e4af20f32c4d3333da5d89fbd33ec054b7f68f1d5	Hordeum vulgare	MorexV3	He81d529717e9	0	assigned
MorexV3|HORVU.MOREX.r3.2HG0202830.1.CDS1	7dccb22e9a2add4be04d3500419b3caa961cf10b6f35c623b42e5765a7d4ce47	Hordeum vulgare	MorexV3	He81d529717e9	0	assigned
MorexV3|HORVU.MOREX.r3.7HG0741090.1	0c9a8f83d17f2eabe87c2880e29e893c3c0e926b3dc2026c788c15f878397cf9	Hordeum vulgare	MorexV3	He81d529717e9	0	assigned
MorexV3|HORVU.MOREX.r3.3HG0255750.1	e0e52ee1146529b63fd07738276c392fae5b888dfbb82642fd76fbf025d542f9	Hordeum vulgare	MorexV3	He81d529717e9	0	assigned
MorexV3|HORVU.MOREX.r3.7HG0750880.1	26cffe92c62e167795dd048e97e3ac8877ce0b7cc73c185e3e27391fb152b2ec	Hordeum vulgare	MorexV3	He81d529717e9	0	assigned
MorexV3|HORVU.MOREX.r3.5HG0426160.1.CDS1	78ddf80d672df9630254ae5d2c34cfef3e0f94590379cab5cbe53810c295ae83	Hordeum vulgare	MorexV3	He81d529717e9	0	assigned
MorexV3|HORVU.MOREX.r3.7HG0651000.1.CDS1	c00036e2ac26448fb6c85899c4bbf2fea06240c1e86d30d2ae8362a12134f9b2	Hordeum vulgare	MorexV3	He81d529717e9	0	assigned
MorexV3|HORVU.MOREX.r3.7HG0650990.1.CDS1	5bae9e012105a79c95ae11f41169f539318dbaf55b3b88d0a9ce84e8db9a506d	Hordeum vulgare	MorexV3	He81d529717e9	0	assigned
MorexV3|HORVU.MOREX.r3.7HG0639200.1	1c04efe71842b7566341a32a4a9faa06b32e6adb245f8ccb0582ea1d4680db84	Hordeum vulgare	MorexV3	He81d529717e9	0	assigned
MorexV3|HORVU.MOREX.r3.7HG0634990.1.CDS1	ef10047ab8469ab015790b7926ca6bdbce923956df39be9364b84ec15c681474	Hordeum vulgare	MorexV3	He81d529717e9	0	assigned
MorexV3|HORVU.MOREX.r3.7HG0634880.1	2bd0ac7289aa8cc4416ca7aeba6f8b1b1618c5a5c350ec23239f9a79faf7624f	Hordeum vulgare	MorexV3	He81d529717e9	0	assigned
MorexV3|HORVU.MOREX.r3.7HG0750000.1	81daf72b9c0ecb9347e6e95268f7a9e4cc9aa6ebc1f06cbafe90b50c3bcb5156	Hordeum vulgare	MorexV3	He81d529717e9	0	assigned
MorexV3|HORVU.MOREX.r3.5HG0472840.1.CDS1	4c1b49efc2d3da09c0212aecd20a18f324be339658804be451fcbccce1a8a4fb	Hordeum vulgare	MorexV3	He81d529717e9	0	assigned
MorexV3|HORVU.MOREX.r3.2HG0157300.1.CDS1	3647166f3f2d9e135c4b8f4c617f406f84f414509b1eb1482bff898508f5d8db	Hordeum vulgare	MorexV3	He81d529717e9	0	assigned
MorexV3|HORVU.MOREX.r3.1HG0003060.1	dc176cf3d3b6a81d822fd87462e2a519539bcf6fe12299a32dac0093434ed264	Hordeum vulgare	MorexV3	He81d529717e9	0	assigned
MorexV3|HORVU.MOREX.r3.6HG0570910.1.CDS1	6630499e6ec5d640de696817cc5d205c2348b123d116427657c9483f7b3bf7cb	Hordeum vulgare	MorexV3	He81d529717e9	0	assigned
MorexV3|HORVU.MOREX.r3.5HG0491680.1.CDS1	8ca951fefb1accecf0de8056c2edb3bd65ed44caf0445482f8e747bb44d2a309	Hordeum vulgare	MorexV3	He81d529717e9	0	assigned
MorexV3|HORVU.MOREX.r3.6HG0577860.1	a714767b251dafc2768a0b10c8669c884cee29ed7e69b9afc533e5db549787be	Hordeum vulgare	MorexV3	He81d529717e9	0	assigned
MorexV3|HORVU.MOREX.r3.1HG0000520.1	5576d0ee64abb21375b08568e9865ad3a652632e240511564a3a44c3f856cad0	Hordeum vulgare	MorexV3	He81d529717e9	0	assigned
MorexV3|HORVU.MOREX.r3.5HG0526160.1	8596565e15b03726c6d7a728ee74bf8094fd947f156e7bcbe714c0d631418a37	Hordeum vulgare	MorexV3	He81d529717e9	0	assigned
MorexV3|HORVU.MOREX.r3.7HG0751080.1.CDS1	623627d9225654f7d466212601baee1fd88bfb5bc9f595245c6c62209d03449b	Hordeum vulgare	MorexV3	He81d529717e9	0	assigned
MorexV3|HORVU.MOREX.r3.6HG0546950.1.CDS1	83468f1a1243154ef8a853f464a746cc54883eee8e041a60cb81fefcf17976c6	Hordeum vulgare	MorexV3	He81d529717e9	0	assigned
MorexV3|HORVU.MOREX.r3.7HG0634640.1	bfe31ae67d37ccea3a8fa441024cf9d7e7ac19f07f1185bfc7abf7d5c6759cce	Hordeum vulgare	MorexV3	He81d529717e9	0	assigned
MorexV3|HORVU.MOREX.r3.6HG0559510.1	5f5a1b11b78feb9de5fbe26ff86c883aae51952dddf4fd822fec5c17f68415a5	Hordeum vulgare	MorexV3	He81d529717e9	0	assigned
MorexV3|HORVU.MOREX.r3.7HG0745590.1	12c1c84d95522492ca28c2acbe2d9c8e44bf1faf5760522855a544a191d816a4	Hordeum vulgare	MorexV3	He81d529717e9	0	assigned
MorexV3|HORVU.MOREX.r3.6HG0632430.1	1efa521b0e46969bec58f55b8fe1352e234720b1e099a283f76c6be123dd2720	Hordeum vulgare	MorexV3	He81d529717e9	0	assigned
MorexV3|HORVU.MOREX.r3.5HG0425290.1.CDS1	ac531f1091e0032c87d39aaf62e4d6f0215172bf6c5c957fea7b656b57cb9b47	Hordeum vulgare	MorexV3	He81d529717e9	0	assigned
MorexV3|HORVU.MOREX.r3.6HG0551530.1	a42c37ba0198c23e356ae7f357e50145225f19e88be34c215d4cf9826f6cb041	Hordeum vulgare	MorexV3	He81d529717e9	0	assigned
MorexV3|HORVU.MOREX.r3.7HG0730650.1.CDS1	932e45df692a971ad95fdf5194caea979e84bb1b30ee0b0952237bd7d39c60c5	Hordeum vulgare	MorexV3	He81d529717e9	0	assigned
MorexV3|HORVU.MOREX.r3.1HG0090180.1	153cdfbb5213d316e69307f3aa090ec925f83fb22d865a7344850246f2106a9f	Hordeum vulgare	MorexV3	He81d529717e9	0	assigned
MorexV3|HORVU.MOREX.r3.2HG0199150.1	20950fa78d7ed376de90c6abfad235685949217970c7277cdf2ba150910d0275	Hordeum vulgare	MorexV3	He81d529717e9	0	assigned
MorexV3|HORVU.MOREX.r3.4HG0414430.1.CDS1	81131b190afa0eab7cdfabd5a978c8b549743d657360b698a8016a1710f58e85	Hordeum vulgare	MorexV3	He81d529717e9	0	assigned
MorexV3|HORVU.MOREX.r3.1HG0004410.1	7460b2753979385f43c01d25c4775c418988edd69373549ca2fe6e8686acda92	Hordeum vulgare	MorexV3	He81d529717e9	0	assigned
MorexV3|HORVU.MOREX.r3.1HG0004490.1	7460b2753979385f43c01d25c4775c418988edd69373549ca2fe6e8686acda92	Hordeum vulgare	MorexV3	He81d529717e9	0	assigned
MorexV3|HORVU.MOREX.r3.5HG0426330.1	b118481d6ed42a9114af60344df038ed83640c4675c1e519de0a755264e10113	Hordeum vulgare	MorexV3	He81d529717e9	0	assigned
MorexV3|HORVU.MOREX.r3.1HG0003230.1	71418c76536f090733e9a29b035c0bf651a04a09b0ff46d09a7851a5714b1df4	Hordeum vulgare	MorexV3	He81d529717e9	0	assigned
MorexV3|HORVU.MOREX.r3.5HG0420460.1	0484282fec4206fae1b64d61c3dd0170186de895b437b738d9f7dda85f4dd803	Hordeum vulgare	MorexV3	He81d529717e9	0	assigned
MorexV3|HORVU.MOREX.r3.6HG0632830.1.CDS1	ae5aa862529d12e465a90cdc24da1460ce866f43aaaa4bd38d85362cd7d1432f	Hordeum vulgare	MorexV3	He81d529717e9	0	assigned
MorexV3|HORVU.MOREX.r3.7HG0675580.1.CDS1	15be815cd479626e2e61de9c3916b638f5a9be8e5498d352e1b71d8bb837903f	Hordeum vulgare	MorexV3	H2ce6b5d93a9f	4	assigned
MorexV3|HORVU.MOREX.r3.7HG0741080.1.CDS1	7e53d04af1241ee89779a1ef019dbd777c66b34fb1871544694dbf3dbf470da9	Hordeum vulgare	MorexV3	He81d529717e9	0	assigned
MorexV3|HORVU.MOREX.r3.5HG0507200.1.CDS1	c204eb7120c055c1bcec12e3236e8a8f44bc163cc24a93a698c4a925544390a6	Hordeum vulgare	MorexV3	He81d529717e9	0	assigned
MorexV3|HORVU.MOREX.r3.1HG0081690.1.CDS1	9cf98f48b8b54796f8a50e38579c61f11119323d8bbbe277fcd387856f12f67a	Hordeum vulgare	MorexV3	He81d529717e9	0	assigned
MorexV3|HORVU.MOREX.r3.7HG0639870.1	075c3c9e717266c3a91cee667895f5dac80e5b8edddf8f11358f945a6a93147b	Hordeum vulgare	MorexV3	He81d529717e9	0	assigned
MorexV3|HORVU.MOREX.r3.1HG0021110.1	b7b9b5e1942153c5fd6a3c3a422cafc4367fb6e2b27c76c6dc9713d277374f23	Hordeum vulgare	MorexV3	He81d529717e9	0	assigned
MorexV3|HORVU.MOREX.r3.4HG0352270.1	25da82920275bca5edce6dc37cf9a8adda5a31805b93a7aabb09c633796f8df5	Hordeum vulgare	MorexV3	H5cabc40f51a0	0	assigned
MorexV3|HORVU.MOREX.r3.6HG0547010.1.CDS1	3725a235385ff763967b5bb09ea0ee95a4e1e5ae9a0650609841bbd663289e5a	Hordeum vulgare	MorexV3	He81d529717e9	0	assigned
MorexV3|HORVU.MOREX.r3.7HG0652820.1.CDS1	3c373aebe088c4386034a79aa4f6a8e2e2b86056f4fb06b34d564148354810de	Hordeum vulgare	MorexV3	He81d529717e9	0	assigned
MorexV3|HORVU.MOREX.r3.7HG0750870.1.CDS1	bd43cfffc191e9674d6e722cd40f83a790334635a74140965cbe47377fc016f7	Hordeum vulgare	MorexV3	He81d529717e9	0	assigned
MorexV3|HORVU.MOREX.r3.2HG0202820.1.CDS1	65172a25a43e4316d1141e3b418e8a261b57498b21331d8b369fa64ea8f878d7	Hordeum vulgare	MorexV3	He81d529717e9	0	assigned
MorexV3|HORVU.MOREX.r3.3HG0290730.2.CDS2	f2f0161ce93105e2b9cc784a50ac7f94221c877183e210d7bdf3e09dd7775cd6	Hordeum vulgare	MorexV3	He81d529717e9	0	assigned
MorexV3|HORVU.MOREX.r3.7HG0752400.1	2cbd47e3a09b20f8cdb09caf12d87281296292bdbda571a5d8ee9dda3ca2e5de	Hordeum vulgare	MorexV3	He81d529717e9	0	assigned
MorexV3|HORVU.MOREX.r3.3HG0231870.1.CDS1	3deb184cb21cad732d9ffe6c264aababa53560bb9e386b5599129951361a5dd6	Hordeum vulgare	MorexV3	He81d529717e9	0	assigned
MorexV3|HORVU.MOREX.r3.7HG0675570.1.CDS1	6cf2b40b0c488c28787ecb40122be789aca52d143a1e1ad5fd8ffd3409f3f54f	Hordeum vulgare	MorexV3	He81d529717e9	0	assigned
MorexV3|HORVU.MOREX.r3.6HG0632610.1	fc2450216bf4379788016b44685c5c362d21b34b071cda9c3fb7d12be953d002	Hordeum vulgare	MorexV3	H06393f42d06b	2	assigned
MorexV3|HORVU.MOREX.r3.7HG0678160.1.CDS1	2c8d1c05b9447e5c62e23fe1fe9e4de9392ab77daf6fc27684c83504d091c849	Hordeum vulgare	MorexV3	He81d529717e9	0	assigned
MorexV3|HORVU.MOREX.r3.4HG0415260.1.CDS1	361a8e6d11db5e54818b6b93c25c982aa26bb998a0a1771dbbf20b399b674793	Hordeum vulgare	MorexV3	H37423122ed34	3	assigned
Arabidopsis|AT1G61180.2	2d980004cc62b442c4243d7d629cbffb61667d6665ac19ba2b1c96ff1ca05771	Arabidopsis thaliana	Arabidopsis	He81d529717e9	0	assigned
Arabidopsis|AT1G61310.1	8a6e91f6f8e1209a0f31999a82da61d97cc4fadab5d03b7cedd3b2502cb8c31e	Arabidopsis thaliana	Arabidopsis	He81d529717e9	0	assigned
Arabidopsis|AT1G61190.1	a1100725eb9b692aa02b0bf5e1d834e6021aee65600bbb6241953accd93c6007	Arabidopsis thaliana	Arabidopsis	He81d529717e9	0	assigned
Arabidopsis|AT1G61300.1	61603a15138faf1178e5ec5845e1d6768f484d4f707e733285a47f6982b36de6	Arabidopsis thaliana	Arabidopsis	He81d529717e9	0	assigned
Arabidopsis|AT1G10920.4	db5690eaa305f468166b7d841002fd50f05ed926f36f28b8aac09f588668b98c	Arabidopsis thaliana	Arabidopsis	He81d529717e9	0	assigned
Arabidopsis|AT1G12220.2	24c803ecbd86f1ca597b3fab012b9b0ad4c8e45f0bfe6731d4830c7632947f6a	Arabidopsis thaliana	Arabidopsis	He81d529717e9	0	assigned
Arabidopsis|AT4G26090.1	674ad80efd74b52955e05aa1bcbce792c4fd73990227beb23979bd9c50f1a719	Arabidopsis thaliana	Arabidopsis	He81d529717e9	0	assigned
Arabidopsis|AT5G63020.1	0ddbf8f7ab2a74cb87a4a8a20ffe3ae2287d07e7556fe394b9df9fe335f087e0	Arabidopsis thaliana	Arabidopsis	He81d529717e9	0	assigned
Arabidopsis|AT1G12210.1	b378570c0b0dab8f7017c56f6ed4846eb37dda964704140e9d47d7f39957c058	Arabidopsis thaliana	Arabidopsis	He81d529717e9	0	assigned
Arabidopsis|AT3G50950.1	1fcc012dcd1f195242cc47a4b1160486f7408ccea10801faf6d35e031a647f4a	Arabidopsis thaliana	Arabidopsis	He81d529717e9	0	assigned
Arabidopsis|AT5G43470.1	dc1b9cc4d76bf4be8eb56e9293acb1339d4415581978e89f8191510cd4ce05de	Arabidopsis thaliana	Arabidopsis	He81d529717e9	0	assigned
Arabidopsis|AT1G12280.1	8be9eb45c79b680b5b52761c72bd961b331007b52dc329bcf4304de956610654	Arabidopsis thaliana	Arabidopsis	He81d529717e9	0	assigned
Arabidopsis|AT5G48620.5	26c10ebce184cc80dd2be7f8c4e649aaee5759eee8c267ef25fc35a670b3f987	Arabidopsis thaliana	Arabidopsis	He81d529717e9	0	assigned
Arabidopsis|AT3G07040.1	473bce718d8fc86bac70118306061433d4e0ff38c7c62c7ca04748174a3d7698	Arabidopsis thaliana	Arabidopsis	He81d529717e9	0	assigned
Arabidopsis|AT5G35450.1	7879e1a1b1e0dc95a99341454a7f9f0a596bc4c8856d8f9ffa0e28101fd826e3	Arabidopsis thaliana	Arabidopsis	He81d529717e9	0	assigned
Arabidopsis|AT1G53350.1	ca3511e1c267bf702424299aa363e15f4f45e3dc1f30a43d40297d5a6a22c4c2	Arabidopsis thaliana	Arabidopsis	He81d529717e9	0	assigned
Arabidopsis|AT1G63350.2	63756b84664bb6258c7a8a75e6b8182f1a3793b461827ffea31c4f72f4cc06a6	Arabidopsis thaliana	Arabidopsis	He81d529717e9	0	assigned
Arabidopsis|AT4G10780.1	3c4cfa5792d98cca82eb2bedcb4b6f9c87c6b55e3ecbf621c5899971674ce3d9	Arabidopsis thaliana	Arabidopsis	He81d529717e9	0	assigned
Arabidopsis|AT1G12290.1	1374f84a9242bda15c6aae07e1fdae942c132f56464fab5cd3ad4907e0be975e	Arabidopsis thaliana	Arabidopsis	He81d529717e9	0	assigned
Arabidopsis|AT5G43740.2	d76b6300217b5b4110b4ff85eae4bac8ab0bd9ca313c27ca25159677e30f4e5b	Arabidopsis thaliana	Arabidopsis	He81d529717e9	0	assigned
Arabidopsis|AT1G58410.2	bb2b35edb3fb6d67bef5d0218972142ba40d23acefefe6b4325e74e9a1520bf1	Arabidopsis thaliana	Arabidopsis	He81d529717e9	0	assigned
Arabidopsis|AT1G58807.1	89cd4e01667fe26ca35f631c4a8f0de36ccd123c962cb6e1fdf5717ae1343b9e	Arabidopsis thaliana	Arabidopsis	He81d529717e9	0	assigned
Arabidopsis|AT1G59124.2	89cd4e01667fe26ca35f631c4a8f0de36ccd123c962cb6e1fdf5717ae1343b9e	Arabidopsis thaliana	Arabidopsis	He81d529717e9	0	assigned
Arabidopsis|AT5G43730.5	3197ab972123ce7684176b70a412edcb4acf95b42284fb419e54d636bacd8153	Arabidopsis thaliana	Arabidopsis	He81d529717e9	0	assigned
Arabidopsis|AT1G15890.1	afa896173cfaf9c63d3fce916223463ac4c5ba70e120613415db753aee48c90b	Arabidopsis thaliana	Arabidopsis	He81d529717e9	0	assigned
Arabidopsis|AT1G58848.2	6b5bec59323b57bbe1f989a77c39c4566954e7c054c14937bd59a0334ea0050f	Arabidopsis thaliana	Arabidopsis	He81d529717e9	0	assigned
Arabidopsis|AT1G59218.3	6b5bec59323b57bbe1f989a77c39c4566954e7c054c14937bd59a0334ea0050f	Arabidopsis thaliana	Arabidopsis	He81d529717e9	0	assigned
Arabidopsis|AT5G05400.1	21a2d16777ff6184ccca43128861f9fb5c01a4ea75b53d572d732b4fcf486349	Arabidopsis thaliana	Arabidopsis	He81d529717e9	0	assigned
Arabidopsis|AT1G58390.2	ad4b09e4faa5521d70c2e612ee728fa110ff2c3a21dd8e80da2994a551681111	Arabidopsis thaliana	Arabidopsis	He81d529717e9	0	assigned
Arabidopsis|AT1G51480.1	9dde57da3cb4fd30e835a8d8aa37eced57544969def8abc28df9a507fd6e7e55	Arabidopsis thaliana	Arabidopsis	He81d529717e9	0	assigned
Arabidopsis|AT1G58602.1	e1848c802b6fdeace6ad3af6a9918fd6773ae86703ceb24e06e75e9e661246ac	Arabidopsis thaliana	Arabidopsis	He81d529717e9	0	assigned
Arabidopsis|AT1G59620.2	b13edcf022785577cc12ffa7918d9f3267fa52e84bc1d10be198156758061c12	Arabidopsis thaliana	Arabidopsis	He81d529717e9	0	assigned
Arabidopsis|AT1G62630.1	26f9aac4b11599a7c66aafdae8a529d65c48594ddc48aa55bf1b99a48e25ccd2	Arabidopsis thaliana	Arabidopsis	He81d529717e9	0	assigned
Arabidopsis|AT1G63360.1	50936ba080a92bef1265629ba93193a665e0a18b659ef5854b05650e83aaf726	Arabidopsis thaliana	Arabidopsis	He81d529717e9	0	assigned
Arabidopsis|AT1G58400.2	bc498884fdece92611f4f2f7ce899cba369bf022b8114b8d12c4f4e73922bb37	Arabidopsis thaliana	Arabidopsis	He81d529717e9	0	assigned
Arabidopsis|AT1G59780.1	f76c58f00685c1eb0fd9eb3ceab215a6ede268679f2cd98e7110051c6dcf317b	Arabidopsis thaliana	Arabidopsis	He81d529717e9	0	assigned
Arabidopsis|AT1G50180.1	7969979413c9bcf1ff0dd5c926ad4d1112e1f8a7e5229f5e2fe7eddfca55c827	Arabidopsis thaliana	Arabidopsis	He81d529717e9	0	assigned
Arabidopsis|AT5G47250.1	69114f2ad1589785c69ea3d545c981646898b8f8a3a1ea1634257fcde7648c38	Arabidopsis thaliana	Arabidopsis	He81d529717e9	0	assigned
Arabidopsis|AT1G52660.1	0d485ae304bc6a63c54fe63d8f8833db7a01f9d10750f28a026cc43a287836ea	Arabidopsis thaliana	Arabidopsis	He81d529717e9	0	assigned
Arabidopsis|AT3G46530.1	34c3bdd02e3793e45d11dbecc1951719e9be08bcd9d1e519e6032bb1488833b8	Arabidopsis thaliana	Arabidopsis	He81d529717e9	0	assigned
Arabidopsis|AT3G46730.1	459298ee294efcaeebc507d7b3f89cac166975d4bfcbadebbe5526ce55bb4db2	Arabidopsis thaliana	Arabidopsis	He81d529717e9	0	assigned
Arabidopsis|AT3G15700.1	3137544a8ca330af3ade327a2e2c49373d0dc887de5059a15ecc0df0bca3bb94	Arabidopsis thaliana	Arabidopsis	He81d529717e9	0	assigned
Arabidopsis|AT4G27220.2	e4a59550c56c86bd36ddca3f131ef112a3d552a8a417bfeca9e2e3fcef132f23	Arabidopsis thaliana	Arabidopsis	He81d529717e9	0	assigned
Arabidopsis|AT4G27190.1	4c6333a0a273da98d8f07ba3445f0382945849aea39aab223a62470384839870	Arabidopsis thaliana	Arabidopsis	He81d529717e9	0	assigned
Arabidopsis|AT5G47260.1	e9c5fee8259e39ff4a296f6ac48e200fa87c8d1fc3e44725e0f0b63c139204b5	Arabidopsis thaliana	Arabidopsis	He81d529717e9	0	assigned
Arabidopsis|AT3G46710.1	9480d91b6951506849ee63deafc29038117c7ce7a2b255c8e6b05e1aef830c23	Arabidopsis thaliana	Arabidopsis	He81d529717e9	0	assigned
Arabidopsis|AT3G14460.1	e0ed11412483f84235f6071191631aa3c94c1e4162ca930aa8afdcfacab055f2	Arabidopsis thaliana	Arabidopsis	He81d529717e9	0	assigned
Arabidopsis|AT3G14470.2	38e482d7ae4faceac52b886a896e259b7832a6629f31d81be8b2550abe3d5d51	Arabidopsis thaliana	Arabidopsis	He81d529717e9	0	assigned
Arabidopsis|AT5G48780.1	14fa9d2b5ec831871801d76975876431524bb7366c801d728442fa352a57f9d9	Arabidopsis thaliana	Arabidopsis	He81d529717e9	0	assigned
Arabidopsis|AT4G36140.1	fb892687d5c2beb2e5eee8ff545896f1aa6b9ce533893b58217734665fa100d7	Arabidopsis thaliana	Arabidopsis	He81d529717e9	0	assigned
Arabidopsis|AT4G19500.1	9c32754d8fccece1633b44681442d8daa19e316fb62329c0b37db06df6a087ad	Arabidopsis thaliana	Arabidopsis	He81d529717e9	0	assigned
Arabidopsis|AT4G09430.1	1efa699778744a7ac49ea85377347fb7d0724867eab50757299f181538fa6706	Arabidopsis thaliana	Arabidopsis	He81d529717e9	0	assigned
Arabidopsis|AT4G19060.1	3542dd10315befb03c49f19144b4fabfb6e41788dd54b67337b4bc6860072dc6	Arabidopsis thaliana	Arabidopsis	He81d529717e9	0	assigned
Arabidopsis|AT5G17680.2	13da89f9e69eb6a53c04bc0c6af2006f7d2ebf3d6c9f38408c96d769ed2614d1	Arabidopsis thaliana	Arabidopsis	He81d529717e9	0	assigned
Arabidopsis|AT4G12010.1	4bfe8025fb83c300afd1f2d11f33b9f4b08b8e592995e0636b950e6b49234d2b	Arabidopsis thaliana	Arabidopsis	He81d529717e9	0	assigned
Arabidopsis|AT1G72840.3	f7e64befaed2eeebb7bc13f48d1511eacb7330579abee3a598f48e0098b13aaf	Arabidopsis thaliana	Arabidopsis	He81d529717e9	0	assigned
Arabidopsis|AT2G17060.1	45b0973f24e6c329779671b0622b28b9c55468bc70f73fdf894cfdbfeae3ed4f	Arabidopsis thaliana	Arabidopsis	He81d529717e9	0	assigned
Arabidopsis|AT1G27180.1	6378d935e94d52658432b4bb1af1f0fd87023123e8df5d585cd77feaf2980e7e	Arabidopsis thaliana	Arabidopsis	He81d529717e9	0	assigned
Arabidopsis|AT5G36930.2	ed2eda5eb10018654f912d822f7441b4df9e9662ddf12d58511f73511f577d28	Arabidopsis thaliana	Arabidopsis	He81d529717e9	0	assigned
Arabidopsis|AT1G27170.1	8490163cf82eeee229d7a9808c5fd0c49de39ee495f66810f53ad3313db031c1	Arabidopsis thaliana	Arabidopsis	He81d529717e9	0	assigned
Arabidopsis|AT5G48770.1	5cd3135edcc63f268f0d67177853b3587e566e3a5471fc6f7689176713a899ad	Arabidopsis thaliana	Arabidopsis	He81d529717e9	0	assigned
Arabidopsis|AT5G41750.2	3c677be55eaf5aa247f6e8979bb9a5f95b341e99e5af4e1c961283a2ace92fcc	Arabidopsis thaliana	Arabidopsis	He81d529717e9	0	assigned
Arabidopsis|AT5G45440.1	80f89f7f872912bc7e7f9f64fa2a817aeb64921ef61fb27c596bddc6a90ca0c6	Arabidopsis thaliana	Arabidopsis	He81d529717e9	0	assigned
Arabidopsis|AT3G04210.1	88fdb4b93d3d22a4dc53559843fd0ba5bbc1d4473eb5b52bb4bdc56f8d57b82f	Arabidopsis thaliana	Arabidopsis	He81d529717e9	0	assigned
Arabidopsis|AT4G33300.1	447ac81ab2c18752b518ab01f54e888a876ee16e9af98821debf55fd090e0cb8	Arabidopsis thaliana	Arabidopsis	He81d529717e9	0	assigned
Arabidopsis|AT3G51560.1	0ab40a79766ce423fc210296df62594820b521ad366b5f8742e1c8f5ba5f619f	Arabidopsis thaliana	Arabidopsis	He81d529717e9	0	assigned
Arabidopsis|AT5G45210.4	1b4604224e19dbfcfd0ece88c2ba3bc235c7390f64b8c05ee13524bdd9e1a6b0	Arabidopsis thaliana	Arabidopsis	He81d529717e9	0	assigned
Arabidopsis|AT5G45250.1	fee0e10fa67d598870d6024d54e686a07eccd80613f55e98b40b550c86465586	Arabidopsis thaliana	Arabidopsis	He81d529717e9	0	assigned
Arabidopsis|AT5G04720.1	be55519f5119361e4c705289930521cbc01c9ddede2fde533ba36208ae4c1693	Arabidopsis thaliana	Arabidopsis	He81d529717e9	0	assigned
Arabidopsis|AT5G45490.1	4df8657adc06dada4d9c4c17790b4cd226bcd9977e334a110a06c3bf1ad5c8f0	Arabidopsis thaliana	Arabidopsis	He81d529717e9	0	assigned
Arabidopsis|AT1G63740.2	c4fef3310eae103513b037406f4d458c643f809d6850830ca7c2f3dc6ed95146	Arabidopsis thaliana	Arabidopsis	He81d529717e9	0	assigned
Arabidopsis|AT4G36150.1	9877512e27211c9c9c19e198bca9570d50698179bf2de9bb1c5a637db77d516e	Arabidopsis thaliana	Arabidopsis	He81d529717e9	0	assigned
Arabidopsis|AT5G41740.2	ec098fddd70ad84cc5bf5aa18bb1b4961f436166eb3f5bd295358e6e4489f6fd	Arabidopsis thaliana	Arabidopsis	He81d529717e9	0	assigned
Arabidopsis|AT5G40100.1	ade3cfe01add2a70b0b212a42dd5cd8d84d9e807be72af038b2620c52179429f	Arabidopsis thaliana	Arabidopsis	He81d529717e9	0	assigned
Arabidopsis|AT5G45050.1	a4fb883bb904969d57133b059048650d18ca135eaed4d12e09000ea089087e44	Arabidopsis thaliana	Arabidopsis	He81d529717e9	0	assigned
Arabidopsis|AT5G45200.1	6f342a401677f583ce1d117a47a6f9ed9621425536f2098c3f6b145a532eb5e2	Arabidopsis thaliana	Arabidopsis	He81d529717e9	0	assigned
Arabidopsis|AT5G66910.1	09e4b1ea6ac41bf11d1b84b0176c512aa9f88dac1b1a6d37c5b9d7b1d9883463	Arabidopsis thaliana	Arabidopsis	He81d529717e9	0	assigned
Arabidopsis|AT5G45230.1	9c205989e82f937603306193cbdc38dc18d5c26c8501f5753e259b93286b90d0	Arabidopsis thaliana	Arabidopsis	He81d529717e9	0	assigned
Arabidopsis|AT2G14080.1	8435547ce03900bb4c8a2a2b54c4bb77df8069b4214089e30a74c51b41019b49	Arabidopsis thaliana	Arabidopsis	He81d529717e9	0	assigned
Arabidopsis|AT5G17970.1	04e8514a1ee36568a65f8b33192d7c8cdd34379e69654374a8640ac870c5a4a2	Arabidopsis thaliana	Arabidopsis	He81d529717e9	0	assigned
Arabidopsis|AT4G11170.1	a2b931a4dacb6f347479c6abe08e08e423818b435afbeef9688ad127f2f5f525	Arabidopsis thaliana	Arabidopsis	He81d529717e9	0	assigned
Arabidopsis|AT5G58120.1	bdaf3265fab0a256cab588eca2a1298fa316079f6d0715b1406ac1217ac15a3b	Arabidopsis thaliana	Arabidopsis	He81d529717e9	0	assigned
Arabidopsis|AT5G41550.1	5240aedcc4e323250552774329ae63a14f8cb933e93873437225e68c8ac11b74	Arabidopsis thaliana	Arabidopsis	He81d529717e9	0	assigned
Arabidopsis|AT3G04220.3	e26547d0d99ef4f7a0230265ebda2ceb831cc2a1b424232c6af311e1c0e2153d	Arabidopsis thaliana	Arabidopsis	He81d529717e9	0	assigned
Arabidopsis|AT1G72860.2	82f64f00586cbd006fccbe4565c4c1eb673f3257e16639153ccc3a7aee0eeeb8	Arabidopsis thaliana	Arabidopsis	He81d529717e9	0	assigned
Arabidopsis|AT5G17890.1	555ac8c6730520d5b36d3c9569dad234038a750c0d176903f0b84749d3d6a48d	Arabidopsis thaliana	Arabidopsis	He81d529717e9	0	assigned
Arabidopsis|AT4G09420.1	abcae154d4977043419825312823ccaf08cc150fd60fa5b3d4d9c854c4cfab1e	Arabidopsis thaliana	Arabidopsis	He81d529717e9	0	assigned
Arabidopsis|AT1G72850.1	0fc8b50230baee32c62101f03848def1d9927e21b6f0c0d1928cbbf999272e62	Arabidopsis thaliana	Arabidopsis	He81d529717e9	0	assigned
Arabidopsis|AT1G63880.1	46eeca14dffbad53983b4730d46275f613166bed008c7a1627d2ddf6a292f808	Arabidopsis thaliana	Arabidopsis	He81d529717e9	0	assigned
Arabidopsis|AT1G17600.1	5127195194d70f33afd8852963c6058efcdb0c0ed949a4e89447d5f158cf64da	Arabidopsis thaliana	Arabidopsis	He81d529717e9	0	assigned
Arabidopsis|AT5G40910.9	555243bec0c9708591338e82b418e0264d7bb3ea6affa92cdc37df7debaecbbf	Arabidopsis thaliana	Arabidopsis	He81d529717e9	0	assigned
Arabidopsis|AT4G12020.2	777bb5dfb4a9f31f0778357e80d0ab58b9f87fecbeb39a37885c0616aebadf78	Arabidopsis thaliana	Arabidopsis	He81d529717e9	0	assigned
Arabidopsis|AT4G19510.7	cfe5db8eafb3682644cb59f5034f53e8e6bbc708235780ad9a99e936a467ae03	Arabidopsis thaliana	Arabidopsis	He81d529717e9	0	assigned
Arabidopsis|AT4G09360.1	06abcdaeb7142e0deb87e386d6d8333fa56be22b22c28cf1c84479a4434f6eaa	Arabidopsis thaliana	Arabidopsis	He81d529717e9	0	assigned
Arabidopsis|AT1G63870.1	30f9f5d29576577d64cccc30942ab4a43c2d33bad1381ffa392bdb8e4529ba87	Arabidopsis thaliana	Arabidopsis	He81d529717e9	0	assigned
Arabidopsis|AT4G14370.3	104aff0e0533ad9d152031d87f0034a769e65e2d557d17c17550effc80bd8b02	Arabidopsis thaliana	Arabidopsis	He81d529717e9	0	assigned
Arabidopsis|AT1G72870.1	6b836209ae5c09c64888ebee18953c2d41e170b670eb4d743812c4064771e19c	Arabidopsis thaliana	Arabidopsis	He81d529717e9	0	assigned
Arabidopsis|AT5G41540.1	68ba92da1a05e6db2696011724fe889bdd6eed5cc4c3e9e62cda350a79218d7b	Arabidopsis thaliana	Arabidopsis	He81d529717e9	0	assigned
Arabidopsis|AT5G44870.1	facd0348b6d8fc1876399b169ed206a3d6e47fe174151fda3a0212cc95718012	Arabidopsis thaliana	Arabidopsis	He81d529717e9	0	assigned
Arabidopsis|AT1G63750.3	041c0801e1b16069ffcacbdaa8f404fb3197bd303fdae5ebb2307259ee4e0b43	Arabidopsis thaliana	Arabidopsis	He81d529717e9	0	assigned
Arabidopsis|AT5G45240.1	5f7f191fe9fa390959c6c686976114ce19274680f3a576f690c4b9ea39d7d434	Arabidopsis thaliana	Arabidopsis	He81d529717e9	0	assigned
Arabidopsis|AT1G33560.1	5c8ac5cd35553c67be8b1fd848539ac38f61e931f37d2b6058ba39fb710b5dae	Arabidopsis thaliana	Arabidopsis	He81d529717e9	0	assigned
Arabidopsis|AT3G44630.3	282c539e5e005264cecb82de9ddf8cee6682cabc46176bf87312fa25962124aa	Arabidopsis thaliana	Arabidopsis	He81d529717e9	0	assigned
Arabidopsis|AT1G72890.2	19597598c4422f64b8b5abf386efcceb9781526d874b0b8cda14cc1a861e4b6d	Arabidopsis thaliana	Arabidopsis	He81d529717e9	0	assigned
Arabidopsis|AT1G66090.1	3e4fb4bf1f0cc7cde510ec09bf2c3d50e8e1265666d82ab186bdf4ef6f88174c	Arabidopsis thaliana	Arabidopsis	He81d529717e9	0	assigned
Arabidopsis|AT5G18360.1	bda338f1864403afb2ac5f189e43369c8d6d9cffedb297c14620011b096561c1	Arabidopsis thaliana	Arabidopsis	He81d529717e9	0	assigned
Arabidopsis|AT5G38340.1	e51b8e7bbde24fff38792919950b1f4546622f4232775ac305b5cdbd75959a8e	Arabidopsis thaliana	Arabidopsis	He81d529717e9	0	assigned
Arabidopsis|AT3G44480.5	8e6b4a5dfce014b177996995e26c7294227082b5b30c39e4fdb0cca13089f7af	Arabidopsis thaliana	Arabidopsis	He81d529717e9	0	assigned
Arabidopsis|AT3G51570.1	7063e723934ffd92f00268104dcac086eb65ac7cb4459e468a9fa0cf9658e220	Arabidopsis thaliana	Arabidopsis	He81d529717e9	0	assigned
Arabidopsis|AT3G44670.2	1aa28bcea5d462679c69ba8fc675ebd3149a2904e3c7739b515cc4f7377f159a	Arabidopsis thaliana	Arabidopsis	He81d529717e9	0	assigned
Arabidopsis|AT1G56510.1	84b0f4513124634fe5e948db73c6d9b8fc69955aeb9a494b0cbe36f06ff142e2	Arabidopsis thaliana	Arabidopsis	He81d529717e9	0	assigned
Arabidopsis|AT5G66900.2	a6fd467eda9f9d5538469af9ff2228036747ad2d482fde1290bab481b9699e1d	Arabidopsis thaliana	Arabidopsis	He81d529717e9	0	assigned
Arabidopsis|AT5G45260.1	910c845a7fa70c0861f2b6dd0b82e89c8f82d4145926cf76842ee93f8cfb68fa	Arabidopsis thaliana	Arabidopsis	He81d529717e9	0	assigned
Arabidopsis|AT5G46260.1	c1c4da07d726fda65b31f6c9cbcea635c3d4c568a65be93d73bdc178b7886a9b	Arabidopsis thaliana	Arabidopsis	He81d529717e9	0	assigned
Arabidopsis|AT1G63730.1	71ab66272c29a46681a8be0c2ac485969ec7d44c054ca97b1640a7b7f9e300dd	Arabidopsis thaliana	Arabidopsis	He81d529717e9	0	assigned
Arabidopsis|AT5G11250.2	62642bdf0999022c35b1fa9356eea418153b194257b1d77f4b5b518fde62bf4c	Arabidopsis thaliana	Arabidopsis	He81d529717e9	0	assigned
Arabidopsis|AT5G38850.1	42d588c6005357864e5455920c1684d92e7f34300ab730e4ae79eb58c75a4944	Arabidopsis thaliana	Arabidopsis	He81d529717e9	0	assigned
Arabidopsis|AT4G19520.1	8ad43f8a5de971229eb542117953c34542057770248c0c79e832f86a49acdf05	Arabidopsis thaliana	Arabidopsis	He81d529717e9	0	assigned
Arabidopsis|AT5G47280.1	a7305143f103701076fbff61f4c7be1f97c38f0660d7afdaf569d91bab120859	Arabidopsis thaliana	Arabidopsis	He81d529717e9	0	assigned
Arabidopsis|AT5G49140.1	7ba89a32bceb76a220c9f3733a7e9f3527de7885210aaadbeeec7574ad3f20c8	Arabidopsis thaliana	Arabidopsis	He81d529717e9	0	assigned
Arabidopsis|AT5G66630.1	2d9bfd774766d6fd43835d2c5cf95cb6be52506fef92f1efc1aaaa625360b555	Arabidopsis thaliana	Arabidopsis	He81d529717e9	0	assigned
Arabidopsis|AT5G38350.1	f66d3bedadc3af13feb2b3484556476b2109329a565d348bb6343d7174c79f37	Arabidopsis thaliana	Arabidopsis	He81d529717e9	0	assigned
Arabidopsis|AT2G16870.1	aa444b9c380e359e20c6eb783c0a3d64ecfd59022bf3fd49c0ccb2a5eac6f6b6	Arabidopsis thaliana	Arabidopsis	He81d529717e9	0	assigned
Arabidopsis|AT5G18350.1	80e15ae1c3992d1a25030d2abaf105ce9d0ca1b861b6ee529c8544991cb063fd	Arabidopsis thaliana	Arabidopsis	He81d529717e9	0	assigned
Arabidopsis|AT5G51630.1	680c08258ecf044b57026b27f94baa5942de0405fae3e404865f6b82821feb0b	Arabidopsis thaliana	Arabidopsis	He81d529717e9	0	assigned
Arabidopsis|AT4G08450.1	078a492f8120a846e46a3dbb85a4ec9288e7e3d50c9424d24b1a3c4f36950847	Arabidopsis thaliana	Arabidopsis	He81d529717e9	0	assigned
Arabidopsis|AT5G17880.1	2abffac3efef3c1312916ad8ba02e4c39c8389d92129e03b34076404f78a2b9c	Arabidopsis thaliana	Arabidopsis	He81d529717e9	0	assigned
Arabidopsis|AT5G45060.1	510caf9c9bafa98f2e2809105db7bd06ae26fe10ba430e668c9cd7f92e8cdfa7	Arabidopsis thaliana	Arabidopsis	He81d529717e9	0	assigned
Arabidopsis|AT1G64070.1	a7919f8797b798531fd9c73fbbb78b9273f1b697b129c7043bc0548616f9f55c	Arabidopsis thaliana	Arabidopsis	He81d529717e9	0	assigned
Arabidopsis|AT3G25510.1	f582302e78b896b32042cdaf4b9955d4eb7628ccca84761aef5a248267a6fc2d	Arabidopsis thaliana	Arabidopsis	He81d529717e9	0	assigned
Arabidopsis|AT1G56540.1	7edc73d351f59d611e1d3f906458fadebb01c1bbc6af9c0325331b4259625f76	Arabidopsis thaliana	Arabidopsis	He81d529717e9	0	assigned
Arabidopsis|AT5G44510.1	183532510178a03621b4f88e8dc37d45b1709c76ec77bf65f54d3d8e0121f7ff	Arabidopsis thaliana	Arabidopsis	He81d529717e9	0	assigned
Arabidopsis|AT1G65850.2	6e99cc2426f33192f42daf714097a6406142ef4fdccdc54e1052f068bd2b72bc	Arabidopsis thaliana	Arabidopsis	He81d529717e9	0	assigned
Arabidopsis|AT5G18370.1	51aa5657e127c3644f3f4fc1b89c844366dc8d38045e754d525ed89e1bbb28d9	Arabidopsis thaliana	Arabidopsis	He81d529717e9	0	assigned
Arabidopsis|AT5G46450.1	f49f0d5c03a02b152845d23af7842ae304df7c17c58f4987b5ef10867bf5f1b4	Arabidopsis thaliana	Arabidopsis	He81d529717e9	0	assigned
Arabidopsis|AT3G44400.3	94c5a1d28cb3d4730c31c9f74a6b00ba6669e541a149971ca068404d7807ed9a	Arabidopsis thaliana	Arabidopsis	He81d529717e9	0	assigned
Arabidopsis|AT1G72940.1	4c65b9d11fd171cec27addaf3e50fea2527ce439f6a2701306ad9b06ad5df1d9	Arabidopsis thaliana	Arabidopsis	He81d529717e9	0	assigned
Arabidopsis|AT5G40090.1	869097600ef2ac030ac7ca7e1933b6732c398b6cac3f16ad0a006f09c4aed4da	Arabidopsis thaliana	Arabidopsis	He81d529717e9	0	assigned
Arabidopsis|AT5G46270.4	236ecc7b5522b5beb9f35820b7d495117f07c90906c1d8def612f80e4eefe83f	Arabidopsis thaliana	Arabidopsis	He81d529717e9	0	assigned
Arabidopsis|AT1G56520.2	1960df008e350670b6a87eadb3d8181656fe6bd2a9fa84d8db3266c22a9ae25d	Arabidopsis thaliana	Arabidopsis	He81d529717e9	0	assigned
Arabidopsis|AT5G46470.1	d08fd1ae2348fd523b53d0692808da63afba6db33626d52e911cc575e7004f93	Arabidopsis thaliana	Arabidopsis	He81d529717e9	0	assigned
Arabidopsis|AT4G16900.1	774d3a34203fe6907c0b907d49d52afb0df049cbfbdbd5f8c65f3ec00281cb40	Arabidopsis thaliana	Arabidopsis	He81d529717e9	0	assigned
Arabidopsis|AT1G63860.1	a2e9af8fb4423d2cfa275910c80544131aa9a1ae2d8b2e6f9cd890bf6a814313	Arabidopsis thaliana	Arabidopsis	He81d529717e9	0	assigned
Arabidopsis|AT5G46490.2	72f09241a55b8140a4f7fbd8be1dc5c1de58554385059ad0b81568baecc2b514	Arabidopsis thaliana	Arabidopsis	He81d529717e9	0	assigned
Arabidopsis|AT2G17050.2	811bd877c218eccf56bc14078b9e1d61de07807bb62604a19ae89ca0e4c655b2	Arabidopsis thaliana	Arabidopsis	He81d529717e9	0	assigned
Arabidopsis|AT4G16920.8	5b401f766a4567cd01f6adad8bd6c344e00447802cc7689059e0d52755ae3ec4	Arabidopsis thaliana	Arabidopsis	He81d529717e9	0	assigned
Arabidopsis|AT4G16960.1	9d1e0ae619b6a4a0875bd314fb0592329e17fdc9e9b37ade2b5b722e158b1aff	Arabidopsis thaliana	Arabidopsis	He81d529717e9	0	assigned
Arabidopsis|AT4G16940.5	5a6c44ba677eb689caa099a5be2ec6752a1c1ccdcdcea87e71cae5efc0700398	Arabidopsis thaliana	Arabidopsis	He81d529717e9	0	assigned
Arabidopsis|AT1G72950.1	443399135a87b2a98b0d4aab87e4cb6867003c85fdee5868e4450b568d167e9b	Arabidopsis thaliana	Arabidopsis	He81d529717e9	0	assigned
Arabidopsis|AT5G46520.2	08ff857c8f1481ef2958dc1901ad971624291b2803282d498bf7432c15622a4a	Arabidopsis thaliana	Arabidopsis	He81d529717e9	0	assigned
Arabidopsis|AT1G17610.2	580f5ddc84f0d2f6b69b680ead65c0fe11c2f5d45a86a93f36aa4465c47d23dc	Arabidopsis thaliana	Arabidopsis	He81d529717e9	0	assigned
Arabidopsis|AT4G16860.1	63286e7987a1555f74f5536df03e2bce62c5e64d74ed42561d1db01aac391556	Arabidopsis thaliana	Arabidopsis	He81d529717e9	0	assigned
Arabidopsis|AT5G40060.1	7d64488dccb2f8c3c31b6b3694053ac59b13e2703194b2f1bc556937bf58c9ca	Arabidopsis thaliana	Arabidopsis	He81d529717e9	0	assigned
Arabidopsis|AT5G46510.1	3eae1792f7909068cbf02480822d346edfee837c6d75a8a67e5d03d836a79354	Arabidopsis thaliana	Arabidopsis	He81d529717e9	0	assigned
Arabidopsis|AT4G16890.1	98edfa9c5a44e6a759a448c59be0142089c19d3cb4cb345e15944cdcd7e1206a	Arabidopsis thaliana	Arabidopsis	He81d529717e9	0	assigned
Arabidopsis|AT4G19050.1	570c6d61a5fbe37ee6a0580ff61e67299f533bb86db7154f95f82737db5b6806	Arabidopsis thaliana	Arabidopsis	He81d529717e9	0	assigned
Arabidopsis|AT1G31540.2	570bcd75f039a390b1f9d1e2af1ec6f14152ac7dffff479f1beb3e83b995f0d2	Arabidopsis thaliana	Arabidopsis	He81d529717e9	0	assigned
Arabidopsis|AT1G69550.1	ec0a6263c796ae90e12c525c6849bbfff9ed997650b5aa28af1096a52baa3904	Arabidopsis thaliana	Arabidopsis	He81d529717e9	0	assigned
Arabidopsis|AT4G16950.1	e9215d10c885a754497e306dcbd9d2ad34a41aba80e92902b9097de0bf5e2112	Arabidopsis thaliana	Arabidopsis	He81d529717e9	0	assigned
Arabidopsis|AT4G16990.7	d6071e7b435fcdddc5da35b6dd8385c659871a4176b4bf36e0d7abf4f68bb3d4	Arabidopsis thaliana	Arabidopsis	He81d529717e9	0	assigned
Arabidopsis|AT1G72900.1	877f0b861a2b2cd108265ffe1ec078c7034e81a3a7c434b7ade9860a3cf6b592	Arabidopsis thaliana	Arabidopsis	He81d529717e9	0	assigned
Arabidopsis|AT1G72910.1	8acf5cfffa46e2c4e78cc0eb45e9548303c5462728bee5f4ace59e11a001c75d	Arabidopsis thaliana	Arabidopsis	He81d529717e9	0	assigned
Arabidopsis|AT5G22690.2	a267aa553194e6b8f94e895a36ad9f7689e3e1a8486c94cd66de18061c9c68eb	Arabidopsis thaliana	Arabidopsis	He81d529717e9	0	assigned
Arabidopsis|AT1G17615.1	9438eb271a4a4f008aeec1bf547cfae01266d1259164e3ec1af09bf6db162a8a	Arabidopsis thaliana	Arabidopsis	He81d529717e9	0	assigned
Arabidopsis|AT4G23440.1	83ad0e54b32bf629e60a5ae1d72be6a4dcadc29f61f3a9877f5c80eda65d962f	Arabidopsis thaliana	Arabidopsis	He81d529717e9	0	assigned
Arabidopsis|AT4G19530.2	bece1ded518b208583556dc3ee05a9b413aa77ac3cd06525b3c646b8e624c30c	Arabidopsis thaliana	Arabidopsis	He81d529717e9	0	assigned
Arabidopsis|AT5G56220.1	9d45222f25706c5446f44a164ad65b52d9628e227ecdbe6e6d21ebb1444537e1	Arabidopsis thaliana	Arabidopsis	He81d529717e9	0	assigned
